Back to Contents,Data 1: Export Volumes,,,,,,,,,,,,,,,,,,,,,,,,,,,,,,,,,,,,,,,,,,,,,,,,,,,,,,,,,,,,,,,,,,,,,,
Sourcekey,N9130US2,N9132US2,N9132CN2,N9132MX2,N9133US2,NGM_EPG0_EVT_NUS-Z00_MMCF,NGM_EPG0_EVE_NUS-Z00_MMCF,NGM_EPG0_EVE_NUS-NAC_MMCF,NGM_EPG0_EVE_NUS-NAT_MMCF,NGM_EPG0_EVE_NUS-NBF_MMCF,NGM_EPG0_EVE_NUS-NBG_MMCF,NGM_EPG0_EVE_NUS-NBB_MMCF,NGM_EPG0_EVE_NUS-NBE_MMCF,NGM_EPG0_EVE_NUS-NBR_MMCF,NGM_EPG0_EVE_NUS-NCI_MMCF,NGM_EPG0_EVE_NUS-NCH_MMCF,NGM_EPG0_EVE_NUS-NCO_MMCF,NGM_EPG0_EVE_NUS-NHR_MMCF,NGM_EPG0_EVE_NUS-NDR_MMCF,NGM_EPG0_EVE_NUS-NEG_MMCF,NGM_EPG0_EVE_NUS-NFI_MMCF,NGM_EPG0_EVE_NUS-NFR_MMCF,NGM_EPG0_EVE_NUS-NGM_MMCF,NGM_EPG0_EVE_NUS-NGR_MMCF,NGM_EPG0_EVE_NUS-NHA_MMCF,NGM_EPG0_EVE_NUS-NIN_MMCF,NGM_EPG0_EVE_NUS-NID_MMCF,NGM_EPG0_EVE_NUS-NIS_MMCF,NGM_EPG0_EVE_NUS-NIT_MMCF,NGM_EPG0_EVE_NUS-NJM_MMCF,NGM_EPG0_EVE_NUS-NJA_MMCF,NGM_EPG0_EVE_NUS-NJO_MMCF,NGM_EPG0_EVE_NUS-NKU_MMCF,NGM_EPG0_EVE_NUS-NLH_MMCF,NGM_EPG0_EVE_NUS-NMY_MMCF,NGM_EPG0_EVE_NUS-NM6_MMCF,NGM_EPG0_EVE_NUS-NMX_MMCF,NGM_EPG0_EVE_NUS-NNL_MMCF,NGM_EPG0_EVE_NUS-NNU_MMCF,NGM_EPG0_EVE_NUS-NPK_MMCF,NGM_EPG0_EVE_NUS-NPM_MMCF,NGM_EPG0_EVE_NUS-NPL_MMCF,NGM_EPG0_EVE_NUS-NPO_MMCF,NGM_EPG0_EVE_NUS-NRS_MMCF,NGM_EPG0_EVE_NUS-NSN_MMCF,NGM_EPG0_EVE_NUS-NKS_MMCF,NGM_EPG0_EVE_NUS-NSP_MMCF,NGM_EPG0_EVE_NUS-NTW_MMCF,NGM_EPG0_EVE_NUS-NTH_MMCF,NGM_EPG0_EVE_NUS-NTU_MMCF,NGM_EPG0_EVE_NUS-NTC_MMCF,NGM_EPG0_EVE_NUS-NUK_MMCF,NGM_EPG0_ETR_NUS-Z00_MMCF,NGM_EPG0_ETR_NUS-NCA_MMCF,NGM_EPG0_ETR_NUS-NMX_MMCF,NGM_EPG0_ERE_NUS-Z00_MMCF,NGM_EPG0_ERE_NUS-NAT_MMCF,NGM_EPG0_ERE_NUS-NBR_MMCF,NGM_EPG0_ERE_NUS-NCI_MMCF,NGM_EPG0_ERE_NUS-NCH_MMCF,NGM_EPG0_ERE_NUS-NEG_MMCF,NGM_EPG0_ERE_NUS-NIN_MMCF,NGM_EPG0_ERE_NUS-NJA_MMCF,NGM_EPG0_ERE_NUS-NMX_MMCF,NGM_EPG0_ERE_NUS-NPO_MMCF,NGM_EPG0_ERE_NUS-NKS_MMCF,NGM_EPG0_ERE_NUS-NSP_MMCF,NGM_EPG0_ERE_NUS-NTU_MMCF,NGM_EPG0_ERE_NUS-NUK_MMCF,NGM_EPG0_ENC_NUS-Z00_MMCF,NGM_EPG0_ENC_NUS-NCA_MMCF
Date,U.S. Natural Gas Exports (MMcf),U.S. Natural Gas Pipeline Exports (MMcf),U.S. Natural Gas Pipeline Exports to Canada (MMcf),U.S. Natural Gas Pipeline Exports to Mexico (MMcf),Liquefied U.S. Natural Gas Exports (MMcf),Liquefied U.S. Natural Gas Exports by Vessel and Truck (MMcf),Liquefied U.S. Natural Gas Exports by Vessel (MMcf),U.S. Liquefied Natural Gas Exports by Vessel to Antigua and Barbuda (Million Cubic Feet),Liquefied U.S. Natural Gas Exports by Vessel to Argentina  (Million Cubic Feet),Liquefied U.S. Natural Gas Exports by Vessel to Bahamas (Million Cubic Feet),U.S. Liquefied Natural Gas Exports by Vessel to Bangladesh (Million Cubic Feet),Liquefied U.S. Natural Gas Exports by Vessel to Barbados (Million Cubic Feet),Liquefied U.S. Natural Gas Exports by Vessel to Belgium (Million Cubic Feet),Liquefied U.S. Natural Gas Exports by Vessel to Brazil  (Million Cubic Feet),Liquefied U.S. Natural Gas Exports by Vessel to Chile (Million Cubic Feet),U.S. Liquefied Natural Gas Exports by Vessel to China (Million Cubic Feet),Liquefied U.S. Natural Gas Exports by Vessel to Colombia  (Million Cubic Feet),U.S. Liquefied Natural Gas Exports by Vessel to Croatia (Million Cubic Feet),Liquefied U.S. Natural Gas Exports by Vessel to Dominican Republic (Million Cubic Feet),Liquefied U.S. Natural Gas Exports by Vessels to Egypt (Million Cubic Feet),U.S. Liquefied Natural Gas Exports by Vessel to Finland (Million Cubic Feet),U.S. Liquefied Natural Gas Exports by Vessel to France (Million Cubic Feet),U.S. Liquefied Natural Gas Exports by Vessel to Germany (Million Cubic Feet),Liquefied U.S. Natural Gas Exports by Vessels to Greece (Million Cubic Feet),Liquefied U.S. Natural Gas Exports by Vessel to Haiti  (Million Cubic Feet),Liquefied U.S. Natural Gas Exports by Vessel to India (Million Cubic Feet),U.S. Liquefied Natural Gas Exports by Vessel to Indonesia (Million Cubic Feet),Liquefied U.S. Natural Gas Exports by Vessel to Israel (Million Cubic Feet),Liquefied U.S. Natural Gas Exports by Vessel to Italy (MMcf),Liquefied U.S. Natural Gas Exports by Vessel to Jamaica (Million Cubic Feet),Liquefied U.S. Natural Gas Exports by Vessel to Japan (Million Cubic Feet),Liquefied U.S. Natural Gas Exports by Vessel to Jordan (Million Cubic Feet),Liquefied U.S. Natural Gas Exports by Vessel to Kuwait (Million Cubic Feet),Liquefied U.S. Natural Gas Exports by Vessel to Lithuania (Million Cubic Feet),Liquefied U.S. Natural Gas Exports by Vessel to Malaysia (Million Cubic Feet),Liquefied U.S. Natural Gas Exports by Vessel to Malta (Million Cubic Feet),Liquefied U.S. Natural Gas Exports by Vessel to Mexico (Million Cubic Feet),Liquefied U.S. Natural Gas Exports by Vessel to Netherlands (Million Cubic Feet),U.S. Liquefied Natural Gas Exports by Vessel to Nicaragua (Million Cubic Feet),Liquefied U.S. Natural Gas Exports by Vessel to Pakistan (Million Cubic Feet),Liquefied U.S. Natural Gas Exports by Vessel to Panama (Million Cubic Feet),Liquefied U.S. Natural Gas Exports by Vessel to Poland (Million Cubic Feet),Liquefied U.S. Natural Gas Exports by Vessel to Portugal (Million Cubic Feet),Liquefied U.S. Natural Gas Exports by Vessel to Russia (Million Cubic Feet),Liquefied U.S. Natural Gas Exports by Vessels to Singapore (Million Cubic Feet),Liquefied U.S. Natural Gas Exports by Vessels to South Korea (Million Cubic Feet),U.S. Liquefied Natural Gas Exports by Vessel to Spain (Million Cubic Feet),Liquefied U.S. Natural Gas Exports by Vessel to Taiwan (Million Cubic Feet),U.S. Liquefied Natural Gas Exports by Vessel to Thailand (Million Cubic Feet),Liquefied U.S. Natural Gas Exports by Vessel to Turkiye (MMcf),Liquefied U.S. Natural Gas Exports by Vessel to United Arab Emirates (Million Cubic Feet),Liquefied U.S. Natural Gas Exports by Vessel to United Kingdom (MMcf),Liquefied U.S. Natural Gas Exports by Truck (MMcf),Liquefied U.S. Natural Gas Exports by Truck to Canada (Million Cubic Feet),Liquefied U.S. Natural Gas Exports by Truck to Mexico (Million Cubic Feet),Liquefied U.S. Natural Gas Re-Exports (MMcf),Liquefied U.S. Natural Gas Re-Exports to Argentina (Million Cubic Feet),Liquefied U.S. Natural Gas Re-Exports to Brazil (Million Cubic Feet),Liquefied U.S. Natural Gas Re-Exports to Chile (Million Cubic Feet),U.S. Liquefied Natural Gas Re-Exports to China (Million Cubic Feet),Liquefied U.S. Natural Gas Re-Exports to Egypt (Million Cubic Feet),Liquefied U.S. Natural Gas Re-Exports to India (Million Cubic Feet),Liquefied U.S. Natural Gas Re-Exports to Japan (Million Cubic Feet),Liquefied U.S. Natural Gas Re-Exports to Mexico (Million Cubic Feet),Liquefied U.S. Natural Gas Re-Exports to Portugal (Million Cubic Feet),Liquefied U.S. Natural Gas Re-Exports to South Korea (Million Cubic Feet), U.S. Liquefied Natural Gas Re-Exports to Spain (Million Cubic Feet),Liquefied U.S. Natural Gas Re-Exports to Turkiye (Million Cubic Feet),Liquefied U.S. Natural Gas Re-Exports to United Kingdom (Million Cubic Feet),Compressed U.S. Natural Gas Exports (Million Cubic Feet),U.S. Compressed Natural Gas Exports to Canada (Million Cubic Feet)
01/01/1973,5808,,60,1373,,,,,,,,,,,,,,,,,,,,,,,,,,,4375,,,,,,,,,,,,,,,,,,,,,,,,,,,,,,,,,,,,,,,,
01/02/1973,6079,,384,1275,,,,,,,,,,,,,,,,,,,,,,,,,,,4421,,,,,,,,,,,,,,,,,,,,,,,,,,,,,,,,,,,,,,,,
01/03/1973,4021,,1167,1391,,,,,,,,,,,,,,,,,,,,,,,,,,,1463,,,,,,,,,,,,,,,,,,,,,,,,,,,,,,,,,,,,,,,,
01/04/1973,8017,,931,1232,,,,,,,,,,,,,,,,,,,,,,,,,,,5854,,,,,,,,,,,,,,,,,,,,,,,,,,,,,,,,,,,,,,,,
01/05/1973,8741,,1670,1187,,,,,,,,,,,,,,,,,,,,,,,,,,,5884,,,,,,,,,,,,,,,,,,,,,,,,,,,,,,,,,,,,,,,,
01/06/1973,4131,,1598,1071,,,,,,,,,,,,,,,,,,,,,,,,,,,1462,,,,,,,,,,,,,,,,,,,,,,,,,,,,,,,,,,,,,,,,
01/07/1973,5744,,1758,1057,,,,,,,,,,,,,,,,,,,,,,,,,,,2929,,,,,,,,,,,,,,,,,,,,,,,,,,,,,,,,,,,,,,,,
01/08/1973,8726,,1829,1047,,,,,,,,,,,,,,,,,,,,,,,,,,,5850,,,,,,,,,,,,,,,,,,,,,,,,,,,,,,,,,,,,,,,,
01/09/1973,6403,,1022,996,,,,,,,,,,,,,,,,,,,,,,,,,,,4385,,,,,,,,,,,,,,,,,,,,,,,,,,,,,,,,,,,,,,,,
01/10/1973,5473,,1465,1050,,,,,,,,,,,,,,,,,,,,,,,,,,,2958,,,,,,,,,,,,,,,,,,,,,,,,,,,,,,,,,,,,,,,,
01/11/1973,5545,,1483,1138,,,,,,,,,,,,,,,,,,,,,,,,,,,2925,,,,,,,,,,,,,,,,,,,,,,,,,,,,,,,,,,,,,,,,
01/12/1973,8481,,1456,1183,,,,,,,,,,,,,,,,,,,,,,,,,,,5842,,,,,,,,,,,,,,,,,,,,,,,,,,,,,,,,,,,,,,,,
01/01/1974,5661,,34,1211,,,,,,,,,,,,,,,,,,,,,,,,,,,4417,,,,,,,,,,,,,,,,,,,,,,,,,,,,,,,,,,,,,,,,
01/02/1974,5949,,362,1172,,,,,,,,,,,,,,,,,,,,,,,,,,,4415,,,,,,,,,,,,,,,,,,,,,,,,,,,,,,,,,,,,,,,,
01/03/1974,6677,,1059,1161,,,,,,,,,,,,,,,,,,,,,,,,,,,4456,,,,,,,,,,,,,,,,,,,,,,,,,,,,,,,,,,,,,,,,
01/04/1974,6273,,749,1092,,,,,,,,,,,,,,,,,,,,,,,,,,,4432,,,,,,,,,,,,,,,,,,,,,,,,,,,,,,,,,,,,,,,,
01/05/1974,5481,,1424,1113,,,,,,,,,,,,,,,,,,,,,,,,,,,2943,,,,,,,,,,,,,,,,,,,,,,,,,,,,,,,,,,,,,,,,
01/06/1974,7610,,1689,1042,,,,,,,,,,,,,,,,,,,,,,,,,,,4879,,,,,,,,,,,,,,,,,,,,,,,,,,,,,,,,,,,,,,,,
01/07/1974,8072,,1532,997,,,,,,,,,,,,,,,,,,,,,,,,,,,5543,,,,,,,,,,,,,,,,,,,,,,,,,,,,,,,,,,,,,,,,
01/08/1974,5332,,1455,933,,,,,,,,,,,,,,,,,,,,,,,,,,,2943,,,,,,,,,,,,,,,,,,,,,,,,,,,,,,,,,,,,,,,,
01/09/1974,6397,,1004,972,,,,,,,,,,,,,,,,,,,,,,,,,,,4421,,,,,,,,,,,,,,,,,,,,,,,,,,,,,,,,,,,,,,,,
01/10/1974,5332,,1269,1085,,,,,,,,,,,,,,,,,,,,,,,,,,,2978,,,,,,,,,,,,,,,,,,,,,,,,,,,,,,,,,,,,,,,,
01/11/1974,7039,,1349,1271,,,,,,,,,,,,,,,,,,,,,,,,,,,4419,,,,,,,,,,,,,,,,,,,,,,,,,,,,,,,,,,,,,,,,
01/12/1974,6966,,1336,1218,,,,,,,,,,,,,,,,,,,,,,,,,,,4412,,,,,,,,,,,,,,,,,,,,,,,,,,,,,,,,,,,,,,,,
01/01/1975,3959,,26,998,,,,,,,,,,,,,,,,,,,,,,,,,,,2935,,,,,,,,,,,,,,,,,,,,,,,,,,,,,,,,,,,,,,,,
01/02/1975,6982,,317,787,,,,,,,,,,,,,,,,,,,,,,,,,,,5879,,,,,,,,,,,,,,,,,,,,,,,,,,,,,,,,,,,,,,,,
01/03/1975,6265,,968,856,,,,,,,,,,,,,,,,,,,,,,,,,,,4440,,,,,,,,,,,,,,,,,,,,,,,,,,,,,,,,,,,,,,,,
01/04/1975,5815,,657,747,,,,,,,,,,,,,,,,,,,,,,,,,,,4411,,,,,,,,,,,,,,,,,,,,,,,,,,,,,,,,,,,,,,,,
01/05/1975,6677,,1350,878,,,,,,,,,,,,,,,,,,,,,,,,,,,4449,,,,,,,,,,,,,,,,,,,,,,,,,,,,,,,,,,,,,,,,
01/06/1975,3624,,1393,766,,,,,,,,,,,,,,,,,,,,,,,,,,,1465,,,,,,,,,,,,,,,,,,,,,,,,,,,,,,,,,,,,,,,,
01/07/1975,8091,,1422,772,,,,,,,,,,,,,,,,,,,,,,,,,,,5897,,,,,,,,,,,,,,,,,,,,,,,,,,,,,,,,,,,,,,,,
01/08/1975,6288,,1117,757,,,,,,,,,,,,,,,,,,,,,,,,,,,4415,,,,,,,,,,,,,,,,,,,,,,,,,,,,,,,,,,,,,,,,
01/09/1975,6037,,896,721,,,,,,,,,,,,,,,,,,,,,,,,,,,4421,,,,,,,,,,,,,,,,,,,,,,,,,,,,,,,,,,,,,,,,
01/10/1975,5987,,864,717,,,,,,,,,,,,,,,,,,,,,,,,,,,4406,,,,,,,,,,,,,,,,,,,,,,,,,,,,,,,,,,,,,,,,
01/11/1975,5202,,139,652,,,,,,,,,,,,,,,,,,,,,,,,,,,4411,,,,,,,,,,,,,,,,,,,,,,,,,,,,,,,,,,,,,,,,
01/12/1975,7748,,1071,802,,,,,,,,,,,,,,,,,,,,,,,,,,,5874,,,,,,,,,,,,,,,,,,,,,,,,,,,,,,,,,,,,,,,,
01/01/1976,5323,,41,872,,,,,,,,,,,,,,,,,,,,,,,,,,,4410,,,,,,,,,,,,,,,,,,,,,,,,,,,,,,,,,,,,,,,,
01/02/1976,5337,,275,644,,,,,,,,,,,,,,,,,,,,,,,,,,,4417,,,,,,,,,,,,,,,,,,,,,,,,,,,,,,,,,,,,,,,,
01/03/1976,6007,,868,726,,,,,,,,,,,,,,,,,,,,,,,,,,,4413,,,,,,,,,,,,,,,,,,,,,,,,,,,,,,,,,,,,,,,,
01/04/1976,5640,,600,642,,,,,,,,,,,,,,,,,,,,,,,,,,,4399,,,,,,,,,,,,,,,,,,,,,,,,,,,,,,,,,,,,,,,,
01/05/1976,4664,,1059,638,,,,,,,,,,,,,,,,,,,,,,,,,,,2967,,,,,,,,,,,,,,,,,,,,,,,,,,,,,,,,,,,,,,,,
01/06/1976,4755,,1223,586,,,,,,,,,,,,,,,,,,,,,,,,,,,2946,,,,,,,,,,,,,,,,,,,,,,,,,,,,,,,,,,,,,,,,
01/07/1976,5997,,964,619,,,,,,,,,,,,,,,,,,,,,,,,,,,4414,,,,,,,,,,,,,,,,,,,,,,,,,,,,,,,,,,,,,,,,
01/08/1976,5578,,613,541,,,,,,,,,,,,,,,,,,,,,,,,,,,4423,,,,,,,,,,,,,,,,,,,,,,,,,,,,,,,,,,,,,,,,
01/09/1976,6540,,630,459,,,,,,,,,,,,,,,,,,,,,,,,,,,5452,,,,,,,,,,,,,,,,,,,,,,,,,,,,,,,,,,,,,,,,
01/10/1976,4870,,1066,425,,,,,,,,,,,,,,,,,,,,,,,,,,,3379,,,,,,,,,,,,,,,,,,,,,,,,,,,,,,,,,,,,,,,,
01/11/1976,5163,,162,600,,,,,,,,,,,,,,,,,,,,,,,,,,,4400,,,,,,,,,,,,,,,,,,,,,,,,,,,,,,,,,,,,,,,,
01/12/1976,4837,,4,673,,,,,,,,,,,,,,,,,,,,,,,,,,,4160,,,,,,,,,,,,,,,,,,,,,,,,,,,,,,,,,,,,,,,,
01/01/1977,4785,,5,655,,,,,,,,,,,,,,,,,,,,,,,,,,,4124,,,,,,,,,,,,,,,,,,,,,,,,,,,,,,,,,,,,,,,,
01/02/1977,4574,,3,455,,,,,,,,,,,,,,,,,,,,,,,,,,,4116,,,,,,,,,,,,,,,,,,,,,,,,,,,,,,,,,,,,,,,,
01/03/1977,4289,,4,411,,,,,,,,,,,,,,,,,,,,,,,,,,,3875,,,,,,,,,,,,,,,,,,,,,,,,,,,,,,,,,,,,,,,,
01/04/1977,3188,,2,272,,,,,,,,,,,,,,,,,,,,,,,,,,,2914,,,,,,,,,,,,,,,,,,,,,,,,,,,,,,,,,,,,,,,,
01/05/1977,3158,,1,231,,,,,,,,,,,,,,,,,,,,,,,,,,,2926,,,,,,,,,,,,,,,,,,,,,,,,,,,,,,,,,,,,,,,,
01/06/1977,4600,,1,204,,,,,,,,,,,,,,,,,,,,,,,,,,,4396,,,,,,,,,,,,,,,,,,,,,,,,,,,,,,,,,,,,,,,,
01/07/1977,7016,,1,192,,,,,,,,,,,,,,,,,,,,,,,,,,,6824,,,,,,,,,,,,,,,,,,,,,,,,,,,,,,,,,,,,,,,,
01/08/1977,5141,,1,219,,,,,,,,,,,,,,,,,,,,,,,,,,,4921,,,,,,,,,,,,,,,,,,,,,,,,,,,,,,,,,,,,,,,,
01/09/1977,4621,,1,230,,,,,,,,,,,,,,,,,,,,,,,,,,,4390,,,,,,,,,,,,,,,,,,,,,,,,,,,,,,,,,,,,,,,,
01/10/1977,4622,,2,228,,,,,,,,,,,,,,,,,,,,,,,,,,,4391,,,,,,,,,,,,,,,,,,,,,,,,,,,,,,,,,,,,,,,,
01/11/1977,4735,,4,343,,,,,,,,,,,,,,,,,,,,,,,,,,,4388,,,,,,,,,,,,,,,,,,,,,,,,,,,,,,,,,,,,,,,,
01/12/1977,4896,,5,500,,,,,,,,,,,,,,,,,,,,,,,,,,,4391,,,,,,,,,,,,,,,,,,,,,,,,,,,,,,,,,,,,,,,,
01/01/1978,5005,,6,614,,,,,,,,,,,,,,,,,,,,,,,,,,,4386,,,,,,,,,,,,,,,,,,,,,,,,,,,,,,,,,,,,,,,,
01/02/1978,4908,,11,508,,,,,,,,,,,,,,,,,,,,,,,,,,,4389,,,,,,,,,,,,,,,,,,,,,,,,,,,,,,,,,,,,,,,,
01/03/1978,4775,,4,348,,,,,,,,,,,,,,,,,,,,,,,,,,,4422,,,,,,,,,,,,,,,,,,,,,,,,,,,,,,,,,,,,,,,,
01/04/1978,3182,,3,235,,,,,,,,,,,,,,,,,,,,,,,,,,,2944,,,,,,,,,,,,,,,,,,,,,,,,,,,,,,,,,,,,,,,,
01/05/1978,4615,,2,224,,,,,,,,,,,,,,,,,,,,,,,,,,,4388,,,,,,,,,,,,,,,,,,,,,,,,,,,,,,,,,,,,,,,,
01/06/1978,4592,,1,199,,,,,,,,,,,,,,,,,,,,,,,,,,,4393,,,,,,,,,,,,,,,,,,,,,,,,,,,,,,,,,,,,,,,,
01/07/1978,4616,,1,208,,,,,,,,,,,,,,,,,,,,,,,,,,,4407,,,,,,,,,,,,,,,,,,,,,,,,,,,,,,,,,,,,,,,,
01/08/1978,4615,,1,214,,,,,,,,,,,,,,,,,,,,,,,,,,,4401,,,,,,,,,,,,,,,,,,,,,,,,,,,,,,,,,,,,,,,,
01/09/1978,6097,,1,219,,,,,,,,,,,,,,,,,,,,,,,,,,,5876,,,,,,,,,,,,,,,,,,,,,,,,,,,,,,,,,,,,,,,,
01/10/1978,3236,,3,265,,,,,,,,,,,,,,,,,,,,,,,,,,,2968,,,,,,,,,,,,,,,,,,,,,,,,,,,,,,,,,,,,,,,,
01/11/1978,3307,,14,366,,,,,,,,,,,,,,,,,,,,,,,,,,,2927,,,,,,,,,,,,,,,,,,,,,,,,,,,,,,,,,,,,,,,,
01/12/1978,3584,,18,633,,,,,,,,,,,,,,,,,,,,,,,,,,,2933,,,,,,,,,,,,,,,,,,,,,,,,,,,,,,,,,,,,,,,,
01/01/1979,6589,,14,715,,,,,,,,,,,,,,,,,,,,,,,,,,,5859,,,,,,,,,,,,,,,,,,,,,,,,,,,,,,,,,,,,,,,,
01/02/1979,4899,,22,490,,,,,,,,,,,,,,,,,,,,,,,,,,,4387,,,,,,,,,,,,,,,,,,,,,,,,,,,,,,,,,,,,,,,,
01/03/1979,4789,,10,388,,,,,,,,,,,,,,,,,,,,,,,,,,,4391,,,,,,,,,,,,,,,,,,,,,,,,,,,,,,,,,,,,,,,,
01/04/1979,4664,,6,263,,,,,,,,,,,,,,,,,,,,,,,,,,,4394,,,,,,,,,,,,,,,,,,,,,,,,,,,,,,,,,,,,,,,,
01/05/1979,4652,,3,251,,,,,,,,,,,,,,,,,,,,,,,,,,,4398,,,,,,,,,,,,,,,,,,,,,,,,,,,,,,,,,,,,,,,,
01/06/1979,4610,,1,227,,,,,,,,,,,,,,,,,,,,,,,,,,,4382,,,,,,,,,,,,,,,,,,,,,,,,,,,,,,,,,,,,,,,,
01/07/1979,6075,,1,216,,,,,,,,,,,,,,,,,,,,,,,,,,,5858,,,,,,,,,,,,,,,,,,,,,,,,,,,,,,,,,,,,,,,,
01/08/1979,4628,,1,223,,,,,,,,,,,,,,,,,,,,,,,,,,,4404,,,,,,,,,,,,,,,,,,,,,,,,,,,,,,,,,,,,,,,,
01/09/1979,4645,,1,227,,,,,,,,,,,,,,,,,,,,,,,,,,,4417,,,,,,,,,,,,,,,,,,,,,,,,,,,,,,,,,,,,,,,,
01/10/1979,3180,,2,245,,,,,,,,,,,,,,,,,,,,,,,,,,,2933,,,,,,,,,,,,,,,,,,,,,,,,,,,,,,,,,,,,,,,,
01/11/1979,3395,,9,454,,,,,,,,,,,,,,,,,,,,,,,,,,,2931,,,,,,,,,,,,,,,,,,,,,,,,,,,,,,,,,,,,,,,,
01/12/1979,3548,,7,608,,,,,,,,,,,,,,,,,,,,,,,,,,,2934,,,,,,,,,,,,,,,,,,,,,,,,,,,,,,,,,,,,,,,,
01/01/1980,6444,,11,576,,,,,,,,,,,,,,,,,,,,,,,,,,,5857,,,,,,,,,,,,,,,,,,,,,,,,,,,,,,,,,,,,,,,,
01/02/1980,4857,,15,427,,,,,,,,,,,,,,,,,,,,,,,,,,,4415,,,,,,,,,,,,,,,,,,,,,,,,,,,,,,,,,,,,,,,,
01/03/1980,4799,,16,373,,,,,,,,,,,,,,,,,,,,,,,,,,,4410,,,,,,,,,,,,,,,,,,,,,,,,,,,,,,,,,,,,,,,,
01/04/1980,3245,,7,278,,,,,,,,,,,,,,,,,,,,,,,,,,,2960,,,,,,,,,,,,,,,,,,,,,,,,,,,,,,,,,,,,,,,,
01/05/1980,3144,,4,211,,,,,,,,,,,,,,,,,,,,,,,,,,,2929,,,,,,,,,,,,,,,,,,,,,,,,,,,,,,,,,,,,,,,,
01/06/1980,3147,,3,182,,,,,,,,,,,,,,,,,,,,,,,,,,,2962,,,,,,,,,,,,,,,,,,,,,,,,,,,,,,,,,,,,,,,,
01/07/1980,2585,,3,186,,,,,,,,,,,,,,,,,,,,,,,,,,,2396,,,,,,,,,,,,,,,,,,,,,,,,,,,,,,,,,,,,,,,,
01/08/1980,2598,,2,185,,,,,,,,,,,,,,,,,,,,,,,,,,,2411,,,,,,,,,,,,,,,,,,,,,,,,,,,,,,,,,,,,,,,,
01/09/1980,5051,,4,190,,,,,,,,,,,,,,,,,,,,,,,,,,,4857,,,,,,,,,,,,,,,,,,,,,,,,,,,,,,,,,,,,,,,,
01/10/1980,4546,,8,273,,,,,,,,,,,,,,,,,,,,,,,,,,,4265,,,,,,,,,,,,,,,,,,,,,,,,,,,,,,,,,,,,,,,,
01/11/1980,3500,,14,470,,,,,,,,,,,,,,,,,,,,,,,,,,,3016,,,,,,,,,,,,,,,,,,,,,,,,,,,,,,,,,,,,,,,,
01/12/1980,4818,,24,539,,,,,,,,,,,,,,,,,,,,,,,,,,,4255,,,,,,,,,,,,,,,,,,,,,,,,,,,,,,,,,,,,,,,,
01/01/1981,5468,,17,629,,,,,,,,,,,,,,,,,,,,,,,,,,,4822,,,,,,,,,,,,,,,,,,,,,,,,,,,,,,,,,,,,,,,,
01/02/1981,4696,,16,470,,,,,,,,,,,,,,,,,,,,,,,,,,,4210,,,,,,,,,,,,,,,,,,,,,,,,,,,,,,,,,,,,,,,,
01/03/1981,5320,,13,458,,,,,,,,,,,,,,,,,,,,,,,,,,,4849,,,,,,,,,,,,,,,,,,,,,,,,,,,,,,,,,,,,,,,,
01/04/1981,4539,,9,253,,,,,,,,,,,,,,,,,,,,,,,,,,,4277,,,,,,,,,,,,,,,,,,,,,,,,,,,,,,,,,,,,,,,,
01/05/1981,3524,,6,222,,,,,,,,,,,,,,,,,,,,,,,,,,,3296,,,,,,,,,,,,,,,,,,,,,,,,,,,,,,,,,,,,,,,,
01/06/1981,4953,,3,195,,,,,,,,,,,,,,,,,,,,,,,,,,,4755,,,,,,,,,,,,,,,,,,,,,,,,,,,,,,,,,,,,,,,,
01/07/1981,5336,,1,201,,,,,,,,,,,,,,,,,,,,,,,,,,,5134,,,,,,,,,,,,,,,,,,,,,,,,,,,,,,,,,,,,,,,,
01/08/1981,4975,,1,217,,,,,,,,,,,,,,,,,,,,,,,,,,,4757,,,,,,,,,,,,,,,,,,,,,,,,,,,,,,,,,,,,,,,,
01/09/1981,5776,,1,201,,,,,,,,,,,,,,,,,,,,,,,,,,,5574,,,,,,,,,,,,,,,,,,,,,,,,,,,,,,,,,,,,,,,,
01/10/1981,5108,,7,245,,,,,,,,,,,,,,,,,,,,,,,,,,,4856,,,,,,,,,,,,,,,,,,,,,,,,,,,,,,,,,,,,,,,,
01/11/1981,5140,,12,87,,,,,,,,,,,,,,,,,,,,,,,,,,,5041,,,,,,,,,,,,,,,,,,,,,,,,,,,,,,,,,,,,,,,,
01/12/1981,4539,,22,159,,,,,,,,,,,,,,,,,,,,,,,,,,,4358,,,,,,,,,,,,,,,,,,,,,,,,,,,,,,,,,,,,,,,,
01/01/1982,3173,,34,207,,,,,,,,,,,,,,,,,,,,,,,,,,,2932,,,,,,,,,,,,,,,,,,,,,,,,,,,,,,,,,,,,,,,,
01/02/1982,4563,,22,148,,,,,,,,,,,,,,,,,,,,,,,,,,,4393,,,,,,,,,,,,,,,,,,,,,,,,,,,,,,,,,,,,,,,,
01/03/1982,4599,,19,140,,,,,,,,,,,,,,,,,,,,,,,,,,,4440,,,,,,,,,,,,,,,,,,,,,,,,,,,,,,,,,,,,,,,,
01/04/1982,1614,,14,134,,,,,,,,,,,,,,,,,,,,,,,,,,,1466,,,,,,,,,,,,,,,,,,,,,,,,,,,,,,,,,,,,,,,,
01/05/1982,3074,,9,127,,,,,,,,,,,,,,,,,,,,,,,,,,,2938,,,,,,,,,,,,,,,,,,,,,,,,,,,,,,,,,,,,,,,,
01/06/1982,5981,,5,111,,,,,,,,,,,,,,,,,,,,,,,,,,,5865,,,,,,,,,,,,,,,,,,,,,,,,,,,,,,,,,,,,,,,,
01/07/1982,4540,,4,137,,,,,,,,,,,,,,,,,,,,,,,,,,,4399,,,,,,,,,,,,,,,,,,,,,,,,,,,,,,,,,,,,,,,,
01/08/1982,5983,,4,125,,,,,,,,,,,,,,,,,,,,,,,,,,,5854,,,,,,,,,,,,,,,,,,,,,,,,,,,,,,,,,,,,,,,,
01/09/1982,4515,,6,112,,,,,,,,,,,,,,,,,,,,,,,,,,,4397,,,,,,,,,,,,,,,,,,,,,,,,,,,,,,,,,,,,,,,,
01/10/1982,4530,,9,132,,,,,,,,,,,,,,,,,,,,,,,,,,,4389,,,,,,,,,,,,,,,,,,,,,,,,,,,,,,,,,,,,,,,,
01/11/1982,4580,,16,166,,,,,,,,,,,,,,,,,,,,,,,,,,,4398,,,,,,,,,,,,,,,,,,,,,,,,,,,,,,,,,,,,,,,,
01/12/1982,4575,,20,168,,,,,,,,,,,,,,,,,,,,,,,,,,,4387,,,,,,,,,,,,,,,,,,,,,,,,,,,,,,,,,,,,,,,,
01/01/1983,4590,,18,174,,,,,,,,,,,,,,,,,,,,,,,,,,,4397,,,,,,,,,,,,,,,,,,,,,,,,,,,,,,,,,,,,,,,,
01/02/1983,4572,,15,163,,,,,,,,,,,,,,,,,,,,,,,,,,,4395,,,,,,,,,,,,,,,,,,,,,,,,,,,,,,,,,,,,,,,,
01/03/1983,4585,,15,175,,,,,,,,,,,,,,,,,,,,,,,,,,,4395,,,,,,,,,,,,,,,,,,,,,,,,,,,,,,,,,,,,,,,,
01/04/1983,4559,,11,161,,,,,,,,,,,,,,,,,,,,,,,,,,,4388,,,,,,,,,,,,,,,,,,,,,,,,,,,,,,,,,,,,,,,,
01/05/1983,4583,,7,137,,,,,,,,,,,,,,,,,,,,,,,,,,,4439,,,,,,,,,,,,,,,,,,,,,,,,,,,,,,,,,,,,,,,,
01/06/1983,3075,,5,129,,,,,,,,,,,,,,,,,,,,,,,,,,,2942,,,,,,,,,,,,,,,,,,,,,,,,,,,,,,,,,,,,,,,,
01/07/1983,4548,,4,142,,,,,,,,,,,,,,,,,,,,,,,,,,,4402,,,,,,,,,,,,,,,,,,,,,,,,,,,,,,,,,,,,,,,,
01/08/1983,6031,,4,149,,,,,,,,,,,,,,,,,,,,,,,,,,,5878,,,,,,,,,,,,,,,,,,,,,,,,,,,,,,,,,,,,,,,,
01/09/1983,4482,,6,68,,,,,,,,,,,,,,,,,,,,,,,,,,,4407,,,,,,,,,,,,,,,,,,,,,,,,,,,,,,,,,,,,,,,,
01/10/1983,4449,,9,39,,,,,,,,,,,,,,,,,,,,,,,,,,,4401,,,,,,,,,,,,,,,,,,,,,,,,,,,,,,,,,,,,,,,,
01/11/1983,4567,,11,148,,,,,,,,,,,,,,,,,,,,,,,,,,,4406,,,,,,,,,,,,,,,,,,,,,,,,,,,,,,,,,,,,,,,,
01/12/1983,4597,,32,161,,,,,,,,,,,,,,,,,,,,,,,,,,,4405,,,,,,,,,,,,,,,,,,,,,,,,,,,,,,,,,,,,,,,,
01/01/1984,4585,,19,164,,,,,,,,,,,,,,,,,,,,,,,,,,,4402,,,,,,,,,,,,,,,,,,,,,,,,,,,,,,,,,,,,,,,,
01/02/1984,4557,,15,142,,,,,,,,,,,,,,,,,,,,,,,,,,,4400,,,,,,,,,,,,,,,,,,,,,,,,,,,,,,,,,,,,,,,,
01/03/1984,5998,,11,129,,,,,,,,,,,,,,,,,,,,,,,,,,,5858,,,,,,,,,,,,,,,,,,,,,,,,,,,,,,,,,,,,,,,,
01/04/1984,4539,,6,132,,,,,,,,,,,,,,,,,,,,,,,,,,,4401,,,,,,,,,,,,,,,,,,,,,,,,,,,,,,,,,,,,,,,,
01/05/1984,4559,,2,125,,,,,,,,,,,,,,,,,,,,,,,,,,,4432,,,,,,,,,,,,,,,,,,,,,,,,,,,,,,,,,,,,,,,,
01/06/1984,3047,,1,110,,,,,,,,,,,,,,,,,,,,,,,,,,,2937,,,,,,,,,,,,,,,,,,,,,,,,,,,,,,,,,,,,,,,,
01/07/1984,4542,,1,144,,,,,,,,,,,,,,,,,,,,,,,,,,,4398,,,,,,,,,,,,,,,,,,,,,,,,,,,,,,,,,,,,,,,,
01/08/1984,4573,,1,167,,,,,,,,,,,,,,,,,,,,,,,,,,,4405,,,,,,,,,,,,,,,,,,,,,,,,,,,,,,,,,,,,,,,,
01/09/1984,4549,,2,138,,,,,,,,,,,,,,,,,,,,,,,,,,,4409,,,,,,,,,,,,,,,,,,,,,,,,,,,,,,,,,,,,,,,,
01/10/1984,4584,,10,170,,,,,,,,,,,,,,,,,,,,,,,,,,,4404,,,,,,,,,,,,,,,,,,,,,,,,,,,,,,,,,,,,,,,,
01/11/1984,4578,,20,161,,,,,,,,,,,,,,,,,,,,,,,,,,,4396,,,,,,,,,,,,,,,,,,,,,,,,,,,,,,,,,,,,,,,,
01/12/1984,4642,,40,204,,,,,,,,,,,,,,,,,,,,,,,,,,,4398,,,,,,,,,,,,,,,,,,,,,,,,,,,,,,,,,,,,,,,,
01/01/1985,4668,,29,236,,,,,,,,,,,,,,,,,,,,,,,,,,,4402,,,,,,,,,,,,,,,,,,,,,,,,,,,,,,,,,,,,,,,,
01/02/1985,4607,,28,187,,,,,,,,,,,,,,,,,,,,,,,,,,,4392,,,,,,,,,,,,,,,,,,,,,,,,,,,,,,,,,,,,,,,,
01/03/1985,6065,,21,187,,,,,,,,,,,,,,,,,,,,,,,,,,,5857,,,,,,,,,,,,,,,,,,,,,,,,,,,,,,,,,,,,,,,,
01/04/1985,4624,,11,173,,,,,,,,,,,,,,,,,,,,,,,,,,,4440,,,,,,,,,,,,,,,,,,,,,,,,,,,,,,,,,,,,,,,,
01/05/1985,1642,,1,174,,,,,,,,,,,,,,,,,,,,,,,,,,,1467,,,,,,,,,,,,,,,,,,,,,,,,,,,,,,,,,,,,,,,,
01/06/1985,4578,,4,159,,,,,,,,,,,,,,,,,,,,,,,,,,,4415,,,,,,,,,,,,,,,,,,,,,,,,,,,,,,,,,,,,,,,,
01/07/1985,6053,,5,171,,,,,,,,,,,,,,,,,,,,,,,,,,,5877,,,,,,,,,,,,,,,,,,,,,,,,,,,,,,,,,,,,,,,,
01/08/1985,4585,,1,175,,,,,,,,,,,,,,,,,,,,,,,,,,,4408,,,,,,,,,,,,,,,,,,,,,,,,,,,,,,,,,,,,,,,,
01/09/1985,4562,,2,150,,,,,,,,,,,,,,,,,,,,,,,,,,,4410,,,,,,,,,,,,,,,,,,,,,,,,,,,,,,,,,,,,,,,,
01/10/1985,4590,,10,173,,,,,,,,,,,,,,,,,,,,,,,,,,,4406,,,,,,,,,,,,,,,,,,,,,,,,,,,,,,,,,,,,,,,,
01/11/1985,4651,,36,211,,,,,,,,,,,,,,,,,,,,,,,,,,,4403,,,,,,,,,,,,,,,,,,,,,,,,,,,,,,,,,,,,,,,,
01/12/1985,4644,,29,209,,,,,,,,,,,,,,,,,,,,,,,,,,,4406,,,,,,,,,,,,,,,,,,,,,,,,,,,,,,,,,,,,,,,,
01/01/1986,4674,,23,206,,,,,,,,,,,,,,,,,,,,,,,,,,,4445,,,,,,,,,,,,,,,,,,,,,,,,,,,,,,,,,,,,,,,,
01/02/1986,3174,,32,195,,,,,,,,,,,,,,,,,,,,,,,,,,,2946,,,,,,,,,,,,,,,,,,,,,,,,,,,,,,,,,,,,,,,,
01/03/1986,5297,,706,168,,,,,,,,,,,,,,,,,,,,,,,,,,,4424,,,,,,,,,,,,,,,,,,,,,,,,,,,,,,,,,,,,,,,,
01/04/1986,5826,,1274,111,,,,,,,,,,,,,,,,,,,,,,,,,,,4441,,,,,,,,,,,,,,,,,,,,,,,,,,,,,,,,,,,,,,,,
01/05/1986,3017,,1390,128,,,,,,,,,,,,,,,,,,,,,,,,,,,1499,,,,,,,,,,,,,,,,,,,,,,,,,,,,,,,,,,,,,,,,
01/06/1986,5980,,1444,116,,,,,,,,,,,,,,,,,,,,,,,,,,,4420,,,,,,,,,,,,,,,,,,,,,,,,,,,,,,,,,,,,,,,,
01/07/1986,5650,,1100,128,,,,,,,,,,,,,,,,,,,,,,,,,,,4422,,,,,,,,,,,,,,,,,,,,,,,,,,,,,,,,,,,,,,,,
01/08/1986,6125,,102,125,,,,,,,,,,,,,,,,,,,,,,,,,,,5898,,,,,,,,,,,,,,,,,,,,,,,,,,,,,,,,,,,,,,,,
01/09/1986,4553,,1,134,,,,,,,,,,,,,,,,,,,,,,,,,,,4418,,,,,,,,,,,,,,,,,,,,,,,,,,,,,,,,,,,,,,,,
01/10/1986,5453,,863,165,,,,,,,,,,,,,,,,,,,,,,,,,,,4424,,,,,,,,,,,,,,,,,,,,,,,,,,,,,,,,,,,,,,,,
01/11/1986,5985,,1370,194,,,,,,,,,,,,,,,,,,,,,,,,,,,4421,,,,,,,,,,,,,,,,,,,,,,,,,,,,,,,,,,,,,,,,
01/12/1986,5537,,898,226,,,,,,,,,,,,,,,,,,,,,,,,,,,4414,,,,,,,,,,,,,,,,,,,,,,,,,,,,,,,,,,,,,,,,
01/01/1987,5119,,488,228,,,,,,,,,,,,,,,,,,,,,,,,,,,4403,,,,,,,,,,,,,,,,,,,,,,,,,,,,,,,,,,,,,,,,
01/02/1987,3431,,283,210,,,,,,,,,,,,,,,,,,,,,,,,,,,2938,,,,,,,,,,,,,,,,,,,,,,,,,,,,,,,,,,,,,,,,
01/03/1987,4619,,13,193,,,,,,,,,,,,,,,,,,,,,,,,,,,4414,,,,,,,,,,,,,,,,,,,,,,,,,,,,,,,,,,,,,,,,
01/04/1987,3153,,12,168,,,,,,,,,,,,,,,,,,,,,,,,,,,2973,,,,,,,,,,,,,,,,,,,,,,,,,,,,,,,,,,,,,,,,
01/05/1987,3120,,4,166,,,,,,,,,,,,,,,,,,,,,,,,,,,2950,,,,,,,,,,,,,,,,,,,,,,,,,,,,,,,,,,,,,,,,
01/06/1987,4570,,1,159,,,,,,,,,,,,,,,,,,,,,,,,,,,4411,,,,,,,,,,,,,,,,,,,,,,,,,,,,,,,,,,,,,,,,
01/07/1987,4557,,1,139,,,,,,,,,,,,,,,,,,,,,,,,,,,4417,,,,,,,,,,,,,,,,,,,,,,,,,,,,,,,,,,,,,,,,
01/08/1987,4557,,1,135,,,,,,,,,,,,,,,,,,,,,,,,,,,4421,,,,,,,,,,,,,,,,,,,,,,,,,,,,,,,,,,,,,,,,
01/09/1987,4554,,1,134,,,,,,,,,,,,,,,,,,,,,,,,,,,4419,,,,,,,,,,,,,,,,,,,,,,,,,,,,,,,,,,,,,,,,
01/10/1987,5233,,672,142,,,,,,,,,,,,,,,,,,,,,,,,,,,4419,,,,,,,,,,,,,,,,,,,,,,,,,,,,,,,,,,,,,,,,
01/11/1987,6432,,1818,196,,,,,,,,,,,,,,,,,,,,,,,,,,,4418,,,,,,,,,,,,,,,,,,,,,,,,,,,,,,,,,,,,,,,,
01/12/1987,4674,,5,254,,,,,,,,,,,,,,,,,,,,,,,,,,,4415,,,,,,,,,,,,,,,,,,,,,,,,,,,,,,,,,,,,,,,,
01/01/1988,4765,,75,277,,,,,,,,,,,,,,,,,,,,,,,,,,,4412,,,,,,,,,,,,,,,,,,,,,,,,,,,,,,,,,,,,,,,,
01/02/1988,4650,,9,234,,,,,,,,,,,,,,,,,,,,,,,,,,,4408,,,,,,,,,,,,,,,,,,,,,,,,,,,,,,,,,,,,,,,,
01/03/1988,6218,,1585,222,,,,,,,,,,,,,,,,,,,,,,,,,,,4411,,,,,,,,,,,,,,,,,,,,,,,,,,,,,,,,,,,,,,,,
01/04/1988,6354,,1719,192,,,,,,,,,,,,,,,,,,,,,,,,,,,4443,,,,,,,,,,,,,,,,,,,,,,,,,,,,,,,,,,,,,,,,
01/05/1988,3777,,2142,164,,,,,,,,,,,,,,,,,,,,,,,,,,,1472,,,,,,,,,,,,,,,,,,,,,,,,,,,,,,,,,,,,,,,,
01/06/1988,8469,,3881,164,,,,,,,,,,,,,,,,,,,,,,,,,,,4424,,,,,,,,,,,,,,,,,,,,,,,,,,,,,,,,,,,,,,,,
01/07/1988,4892,,275,190,,,,,,,,,,,,,,,,,,,,,,,,,,,4427,,,,,,,,,,,,,,,,,,,,,,,,,,,,,,,,,,,,,,,,
01/08/1988,6008,,1386,198,,,,,,,,,,,,,,,,,,,,,,,,,,,4425,,,,,,,,,,,,,,,,,,,,,,,,,,,,,,,,,,,,,,,,
01/09/1988,7187,,2584,188,,,,,,,,,,,,,,,,,,,,,,,,,,,4416,,,,,,,,,,,,,,,,,,,,,,,,,,,,,,,,,,,,,,,,
01/10/1988,5497,,947,127,,,,,,,,,,,,,,,,,,,,,,,,,,,4422,,,,,,,,,,,,,,,,,,,,,,,,,,,,,,,,,,,,,,,,
01/11/1988,6771,,2197,155,,,,,,,,,,,,,,,,,,,,,,,,,,,4419,,,,,,,,,,,,,,,,,,,,,,,,,,,,,,,,,,,,,,,,
01/12/1988,9050,,2939,217,,,,,,,,,,,,,,,,,,,,,,,,,,,5895,,,,,,,,,,,,,,,,,,,,,,,,,,,,,,,,,,,,,,,,
01/01/1989,6722,,2004,1773,,,,,,,,,,,,,,,,,,,,,,,,,,,2945,,,,,,,,,,,,,,,,,,,,,,,,,,,,,,,,,,,,,,,,
01/02/1989,7253,,1390,2928,,,,,,,,,,,,,,,,,,,,,,,,,,,2935,,,,,,,,,,,,,,,,,,,,,,,,,,,,,,,,,,,,,,,,
01/03/1989,11127,,2464,2774,,,,,,,,,,,,,,,,,,,,,,,,,,,5889,,,,,,,,,,,,,,,,,,,,,,,,,,,,,,,,,,,,,,,,
01/04/1989,11137,,4558,2168,,,,,,,,,,,,,,,,,,,,,,,,,,,4411,,,,,,,,,,,,,,,,,,,,,,,,,,,,,,,,,,,,,,,,
01/05/1989,8030,,2405,2654,,,,,,,,,,,,,,,,,,,,,,,,,,,2971,,,,,,,,,,,,,,,,,,,,,,,,,,,,,,,,,,,,,,,,
01/06/1989,8943,,3570,950,,,,,,,,,,,,,,,,,,,,,,,,,,,4423,,,,,,,,,,,,,,,,,,,,,,,,,,,,,,,,,,,,,,,,
01/07/1989,8681,,3727,539,,,,,,,,,,,,,,,,,,,,,,,,,,,4415,,,,,,,,,,,,,,,,,,,,,,,,,,,,,,,,,,,,,,,,
01/08/1989,9148,,4614,118,,,,,,,,,,,,,,,,,,,,,,,,,,,4416,,,,,,,,,,,,,,,,,,,,,,,,,,,,,,,,,,,,,,,,
01/09/1989,8998,,4533,50,,,,,,,,,,,,,,,,,,,,,,,,,,,4415,,,,,,,,,,,,,,,,,,,,,,,,,,,,,,,,,,,,,,,,
01/10/1989,10453,,4081,520,,,,,,,,,,,,,,,,,,,,,,,,,,,5852,,,,,,,,,,,,,,,,,,,,,,,,,,,,,,,,,,,,,,,,
01/11/1989,7909,,3017,516,,,,,,,,,,,,,,,,,,,,,,,,,,,4377,,,,,,,,,,,,,,,,,,,,,,,,,,,,,,,,,,,,,,,,
01/12/1989,8471,,2081,2013,,,,,,,,,,,,,,,,,,,,,,,,,,,4376,,,,,,,,,,,,,,,,,,,,,,,,,,,,,,,,,,,,,,,,
01/01/1990,13694,,8465,854,,,,,,,,,,,,,,,,,,,,,,,,,,,4375,,,,,,,,,,,,,,,,,,,,,,,,,,,,,,,,,,,,,,,,
01/02/1990,7641,,1349,1914,,,,,,,,,,,,,,,,,,,,,,,,,,,4379,,,,,,,,,,,,,,,,,,,,,,,,,,,,,,,,,,,,,,,,
01/03/1990,11333,,3346,3616,,,,,,,,,,,,,,,,,,,,,,,,,,,4371,,,,,,,,,,,,,,,,,,,,,,,,,,,,,,,,,,,,,,,,
01/04/1990,6155,,1080,700,,,,,,,,,,,,,,,,,,,,,,,,,,,4375,,,,,,,,,,,,,,,,,,,,,,,,,,,,,,,,,,,,,,,,
01/05/1990,5906,,486,2467,,,,,,,,,,,,,,,,,,,,,,,,,,,2953,,,,,,,,,,,,,,,,,,,,,,,,,,,,,,,,,,,,,,,,
01/06/1990,6209,,161,1664,,,,,,,,,,,,,,,,,,,,,,,,,,,4384,,,,,,,,,,,,,,,,,,,,,,,,,,,,,,,,,,,,,,,,
01/07/1990,4569,,0,189,,,,,,,,,,,,,,,,,,,,,,,,,,,4379,,,,,,,,,,,,,,,,,,,,,,,,,,,,,,,,,,,,,,,,
01/08/1990,4536,,1,157,,,,,,,,,,,,,,,,,,,,,,,,,,,4378,,,,,,,,,,,,,,,,,,,,,,,,,,,,,,,,,,,,,,,,
01/09/1990,6597,,1,2220,,,,,,,,,,,,,,,,,,,,,,,,,,,4376,,,,,,,,,,,,,,,,,,,,,,,,,,,,,,,,,,,,,,,,
01/10/1990,6275,,8,429,,,,,,,,,,,,,,,,,,,,,,,,,,,5838,,,,,,,,,,,,,,,,,,,,,,,,,,,,,,,,,,,,,,,,
01/11/1990,5897,,1311,212,,,,,,,,,,,,,,,,,,,,,,,,,,,4373,,,,,,,,,,,,,,,,,,,,,,,,,,,,,,,,,,,,,,,,
01/12/1990,6753,,1153,1236,,,,,,,,,,,,,,,,,,,,,,,,,,,4365,,,,,,,,,,,,,,,,,,,,,,,,,,,,,,,,,,,,,,,,
01/01/1991,9562,,1710,3477,,,,,,,,,,,,,,,,,,,,,,,,,,,4375,,,,,,,,,,,,,,,,,,,,,,,,,,,,,,,,,,,,,,,,
01/02/1991,10566,,3343,2853,,,,,,,,,,,,,,,,,,,,,,,,,,,4370,,,,,,,,,,,,,,,,,,,,,,,,,,,,,,,,,,,,,,,,
01/03/1991,10001,,1228,4404,,,,,,,,,,,,,,,,,,,,,,,,,,,4369,,,,,,,,,,,,,,,,,,,,,,,,,,,,,,,,,,,,,,,,
01/04/1991,9039,,2,3208,,,,,,,,,,,,,,,,,,,,,,,,,,,5829,,,,,,,,,,,,,,,,,,,,,,,,,,,,,,,,,,,,,,,,
01/05/1991,7744,,36,4762,,,,,,,,,,,,,,,,,,,,,,,,,,,2947,,,,,,,,,,,,,,,,,,,,,,,,,,,,,,,,,,,,,,,,
01/06/1991,6706,,31,3759,,,,,,,,,,,,,,,,,,,,,,,,,,,2915,,,,,,,,,,,,,,,,,,,,,,,,,,,,,,,,,,,,,,,,
01/07/1991,7830,,195,3235,,,,,,,,,,,,,,,,,,,,,,,,,,,4400,,,,,,,,,,,,,,,,,,,,,,,,,,,,,,,,,,,,,,,,
01/08/1991,9526,,540,3117,,,,,,,,,,,,,,,,,,,,,,,,,,,5869,,,,,,,,,,,,,,,,,,,,,,,,,,,,,,,,,,,,,,,,
01/09/1991,10737,,446,5921,,,,,,,,,,,,,,,,,,,,,,,,,,,4370,,,,,,,,,,,,,,,,,,,,,,,,,,,,,,,,,,,,,,,,
01/10/1991,14393,,2245,7776,,,,,,,,,,,,,,,,,,,,,,,,,,,4371,,,,,,,,,,,,,,,,,,,,,,,,,,,,,,,,,,,,,,,,
01/11/1991,15105,,2385,8349,,,,,,,,,,,,,,,,,,,,,,,,,,,4371,,,,,,,,,,,,,,,,,,,,,,,,,,,,,,,,,,,,,,,,
01/12/1991,18036,,2630,9586,,,,,,,,,,,,,,,,,,,,,,,,,,,5820,,,,,,,,,,,,,,,,,,,,,,,,,,,,,,,,,,,,,,,,
01/01/1992,16432,,2377,9687,,,,,,,,,,,,,,,,,,,,,,,,,,,4368,,,,,,,,,,,,,,,,,,,,,,,,,,,,,,,,,,,,,,,,
01/02/1992,13986,,3654,5963,,,,,,,,,,,,,,,,,,,,,,,,,,,4369,,,,,,,,,,,,,,,,,,,,,,,,,,,,,,,,,,,,,,,,
01/03/1992,22511,,11437,6707,,,,,,,,,,,,,,,,,,,,,,,,,,,4367,,,,,,,,,,,,,,,,,,,,,,,,,,,,,,,,,,,,,,,,
01/04/1992,17754,,5980,7371,,,,,,,,,,,,,,,,,,,,,,,,,,,4403,,,,,,,,,,,,,,,,,,,,,,,,,,,,,,,,,,,,,,,,
01/05/1992,19030,,5919,7285,,,,,,,,,,,,,,,,,,,,,,,,,,,5827,,,,,,,,,,,,,,,,,,,,,,,,,,,,,,,,,,,,,,,,
01/06/1992,17812,,6172,7262,,,,,,,,,,,,,,,,,,,,,,,,,,,4378,,,,,,,,,,,,,,,,,,,,,,,,,,,,,,,,,,,,,,,,
01/07/1992,15868,,5230,6258,,,,,,,,,,,,,,,,,,,,,,,,,,,4379,,,,,,,,,,,,,,,,,,,,,,,,,,,,,,,,,,,,,,,,
01/08/1992,18229,,5074,8778,,,,,,,,,,,,,,,,,,,,,,,,,,,4377,,,,,,,,,,,,,,,,,,,,,,,,,,,,,,,,,,,,,,,,
01/09/1992,18136,,5547,8181,,,,,,,,,,,,,,,,,,,,,,,,,,,4408,,,,,,,,,,,,,,,,,,,,,,,,,,,,,,,,,,,,,,,,
01/10/1992,19272,,6290,10063,,,,,,,,,,,,,,,,,,,,,,,,,,,2920,,,,,,,,,,,,,,,,,,,,,,,,,,,,,,,,,,,,,,,,
01/11/1992,18527,,3487,10674,,,,,,,,,,,,,,,,,,,,,,,,,,,4366,,,,,,,,,,,,,,,,,,,,,,,,,,,,,,,,,,,,,,,,
01/12/1992,18724,,6611,7743,,,,,,,,,,,,,,,,,,,,,,,,,,,4370,,,,,,,,,,,,,,,,,,,,,,,,,,,,,,,,,,,,,,,,
01/01/1993,16661,,4249,8045,,,,,,,,,,,,,,,,,,,,,,,,,,,4367,,,,,,,,,,,,,,,,,,,,,,,,,,,,,,,,,,,,,,,,
01/02/1993,12323,,5539,2412,,,,,,,,,,,,,,,,,,,,,,,,,,,4372,,,,,,,,,,,,,,,,,,,,,,,,,,,,,,,,,,,,,,,,
01/03/1993,16229,,6614,3782,,,,,,,,,,,,,,,,,,,,,,,,,,,5834,,,,,,,,,,,,,,,,,,,,,,,,,,,,,,,,,,,,,,,,
01/04/1993,11287,,3880,3036,,,,,,,,,,,,,,,,,,,,,,,,,,,4371,,,,,,,,,,,,,,,,,,,,,,,,,,,,,,,,,,,,,,,,
01/05/1993,11324,,3338,3605,,,,,,,,,,,,,,,,,,,,,,,,,,,4381,,,,,,,,,,,,,,,,,,,,,,,,,,,,,,,,,,,,,,,,
01/06/1993,10554,,3423,4181,,,,,,,,,,,,,,,,,,,,,,,,,,,2950,,,,,,,,,,,,,,,,,,,,,,,,,,,,,,,,,,,,,,,,
01/07/1993,12691,,3592,3936,,,,,,,,,,,,,,,,,,,,,,,,,,,5162,,,,,,,,,,,,,,,,,,,,,,,,,,,,,,,,,,,,,,,,
01/08/1993,10623,,2748,3113,,,,,,,,,,,,,,,,,,,,,,,,,,,4761,,,,,,,,,,,,,,,,,,,,,,,,,,,,,,,,,,,,,,,,
01/09/1993,9919,,2437,2347,,,,,,,,,,,,,,,,,,,,,,,,,,,5136,,,,,,,,,,,,,,,,,,,,,,,,,,,,,,,,,,,,,,,,
01/10/1993,8646,,3274,2067,,,,,,,,,,,,,,,,,,,,,,,,,,,3305,,,,,,,,,,,,,,,,,,,,,,,,,,,,,,,,,,,,,,,,
01/11/1993,9526,,2907,1862,,,,,,,,,,,,,,,,,,,,,,,,,,,4757,,,,,,,,,,,,,,,,,,,,,,,,,,,,,,,,,,,,,,,,
01/12/1993,10399,,2517,1290,,,,,,,,,,,,,,,,,,,,,,,,,,,6592,,,,,,,,,,,,,,,,,,,,,,,,,,,,,,,,,,,,,,,,
01/01/1994,11097,,4084,1546,,,,,,,,,,,,,,,,,,,,,,,,,,,5466,,,,,,,,,,,,,,,,,,,,,,,,,,,,,,,,,,,,,,,,
01/02/1994,12898,,7809,1459,,,,,,,,,,,,,,,,,,,,,,,,,,,3630,,,,,,,,,,,,,,,,,,,,,,,,,,,,,,,,,,,,,,,,
01/03/1994,19156,,12279,1367,,,,,,,,,,,,,,,,,,,,,,,,,,,5510,,,,,,,,,,,,,,,,,,,,,,,,,,,,,,,,,,,,,,,,
01/04/1994,8959,,3872,1411,,,,,,,,,,,,,,,,,,,,,,,,,,,3676,,,,,,,,,,,,,,,,,,,,,,,,,,,,,,,,,,,,,,,,
01/05/1994,8462,,2940,1829,,,,,,,,,,,,,,,,,,,,,,,,,,,3692,,,,,,,,,,,,,,,,,,,,,,,,,,,,,,,,,,,,,,,,
01/06/1994,12596,,5775,1278,,,,,,,,,,,,,,,,,,,,,,,,,,,5543,,,,,,,,,,,,,,,,,,,,,,,,,,,,,,,,,,,,,,,,
01/07/1994,10647,,2823,2268,,,,,,,,,,,,,,,,,,,,,,,,,,,5557,,,,,,,,,,,,,,,,,,,,,,,,,,,,,,,,,,,,,,,,
01/08/1994,13801,,1259,6981,,,,,,,,,,,,,,,,,,,,,,,,,,,5561,,,,,,,,,,,,,,,,,,,,,,,,,,,,,,,,,,,,,,,,
01/09/1994,14236,,1684,6987,,,,,,,,,,,,,,,,,,,,,,,,,,,5565,,,,,,,,,,,,,,,,,,,,,,,,,,,,,,,,,,,,,,,,
01/10/1994,12805,,1591,5659,,,,,,,,,,,,,,,,,,,,,,,,,,,5555,,,,,,,,,,,,,,,,,,,,,,,,,,,,,,,,,,,,,,,,
01/11/1994,19384,,4446,9398,,,,,,,,,,,,,,,,,,,,,,,,,,,5540,,,,,,,,,,,,,,,,,,,,,,,,,,,,,,,,,,,,,,,,
01/12/1994,17698,,3995,6317,,,,,,,,,,,,,,,,,,,,,,,,,,,7386,,,,,,,,,,,,,,,,,,,,,,,,,,,,,,,,,,,,,,,,
01/01/1995,13635,,2518,5576,,,,,,,,,,,,,,,,,,,,,,,,,,,5541,,,,,,,,,,,,,,,,,,,,,,,,,,,,,,,,,,,,,,,,
01/02/1995,13115,,2016,5542,,,,,,,,,,,,,,,,,,,,,,,,,,,5557,,,,,,,,,,,,,,,,,,,,,,,,,,,,,,,,,,,,,,,,
01/03/1995,14630,,2387,6670,,,,,,,,,,,,,,,,,,,,,,,,,,,5573,,,,,,,,,,,,,,,,,,,,,,,,,,,,,,,,,,,,,,,,
01/04/1995,12138,,2457,5941,,,,,,,,,,,,,,,,,,,,,,,,,,,3741,,,,,,,,,,,,,,,,,,,,,,,,,,,,,,,,,,,,,,,,
01/05/1995,12477,,1931,6848,,,,,,,,,,,,,,,,,,,,,,,,,,,3698,,,,,,,,,,,,,,,,,,,,,,,,,,,,,,,,,,,,,,,,
01/06/1995,15606,,2106,7945,,,,,,,,,,,,,,,,,,,,,,,,,,,5556,,,,,,,,,,,,,,,,,,,,,,,,,,,,,,,,,,,,,,,,
01/07/1995,14552,,2446,6526,,,,,,,,,,,,,,,,,,,,,,,,,,,5581,,,,,,,,,,,,,,,,,,,,,,,,,,,,,,,,,,,,,,,,
01/08/1995,13520,,2558,3431,,,,,,,,,,,,,,,,,,,,,,,,,,,7531,,,,,,,,,,,,,,,,,,,,,,,,,,,,,,,,,,,,,,,,
01/09/1995,11370,,3336,2378,,,,,,,,,,,,,,,,,,,,,,,,,,,5656,,,,,,,,,,,,,,,,,,,,,,,,,,,,,,,,,,,,,,,,
01/10/1995,12250,,2929,5588,,,,,,,,,,,,,,,,,,,,,,,,,,,3733,,,,,,,,,,,,,,,,,,,,,,,,,,,,,,,,,,,,,,,,
01/11/1995,12679,,1627,3535,,,,,,,,,,,,,,,,,,,,,,,,,,,7518,,,,,,,,,,,,,,,,,,,,,,,,,,,,,,,,,,,,,,,,
01/12/1995,8146,,1244,1303,,,,,,,,,,,,,,,,,,,,,,,,,,,5599,,,,,,,,,,,,,,,,,,,,,,,,,,,,,,,,,,,,,,,,
01/01/1996,14186,,7044,1607,,,,,,,,,,,,,,,,,,,,,,,,,,,5534,,,,,,,,,,,,,,,,,,,,,,,,,,,,,,,,,,,,,,,,
01/02/1996,12828,,5207,2000,,,,,,,,,,,,,,,,,,,,,,,,,,,5621,,,,,,,,,,,,,,,,,,,,,,,,,,,,,,,,,,,,,,,,
01/03/1996,15118,,6616,2860,,,,,,,,,,,,,,,,,,,,,,,,,,,5642,,,,,,,,,,,,,,,,,,,,,,,,,,,,,,,,,,,,,,,,
01/04/1996,10008,,2430,1924,,,,,,,,,,,,,,,,,,,,,,,,,,,5654,,,,,,,,,,,,,,,,,,,,,,,,,,,,,,,,,,,,,,,,
01/05/1996,8458,,2809,1899,,,,,,,,,,,,,,,,,,,,,,,,,,,3750,,,,,,,,,,,,,,,,,,,,,,,,,,,,,,,,,,,,,,,,
01/06/1996,12138,,3001,3486,,,,,,,,,,,,,,,,,,,,,,,,,,,5651,,,,,,,,,,,,,,,,,,,,,,,,,,,,,,,,,,,,,,,,
01/07/1996,14385,,3777,3062,,,,,,,,,,,,,,,,,,,,,,,,,,,7546,,,,,,,,,,,,,,,,,,,,,,,,,,,,,,,,,,,,,,,,
01/08/1996,17036,,2197,9176,,,,,,,,,,,,,,,,,,,,,,,,,,,5663,,,,,,,,,,,,,,,,,,,,,,,,,,,,,,,,,,,,,,,,
01/09/1996,10566,,2514,2389,,,,,,,,,,,,,,,,,,,,,,,,,,,5663,,,,,,,,,,,,,,,,,,,,,,,,,,,,,,,,,,,,,,,,
01/10/1996,11889,,4311,1990,,,,,,,,,,,,,,,,,,,,,,,,,,,5589,,,,,,,,,,,,,,,,,,,,,,,,,,,,,,,,,,,,,,,,
01/11/1996,13979,,6776,1533,,,,,,,,,,,,,,,,,,,,,,,,,,,5670,,,,,,,,,,,,,,,,,,,,,,,,,,,,,,,,,,,,,,,,
01/12/1996,12801,,5222,1914,,,,,,,,,,,,,,,,,,,,,,,,,,,5665,,,,,,,,,,,,,,,,,,,,,,,,,,,,,,,,,,,,,,,,
01/01/1997,12028,6424,4193,2231,5604,,,,,,,,,,,,,,,,,,,,,,,,,,5604,,,,,,,,,,,,,,,,,,,,,,,,0,,,,,,,,,,,,,,,,
01/02/1997,12443,6846,5169,1677,5596,,,,,,,,,,,,,,,,,,,,,,,,,,5596,,,,,,,,,,,,,,,,,,,,,,,,0,,,,,,,,,,,,,,,,
01/03/1997,16276,10601,9115,1486,5675,,,,,,,,,,,,,,,,,,,,,,,,,,5675,,,,,,,,,,,,,,,,,,,,,,,,0,,,,,,,,,,,,,,,,
01/04/1997,13872,8211,5168,3044,5660,,,,,,,,,,,,,,,,,,,,,,,,,,5660,,,,,,,,,,,,,,,,,,,,,,,,0,,,,,,,,,,,,,,,,
01/05/1997,10097,6284,4107,2177,3812,,,,,,,,,,,,,,,,,,,,,,,,,,3812,,,,,,,,,,,,,,,,,,,,,,,,0,,,,,,,,,,,,,,,,
01/06/1997,9527,5741,3162,2579,3786,,,,,,,,,,,,,,,,,,,,,,,,,,3786,,,,,,,,,,,,,,,,,,,,,,,,0,,,,,,,,,,,,,,,,
01/07/1997,10136,6380,3257,3122,3756,,,,,,,,,,,,,,,,,,,,,,,,,,3756,,,,,,,,,,,,,,,,,,,,,,,,0,,,,,,,,,,,,,,,,
01/08/1997,17633,10101,3820,6282,7532,,,,,,,,,,,,,,,,,,,,,,,,,,7532,,,,,,,,,,,,,,,,,,,,,,,,0,,,,,,,,,,,,,,,,
01/09/1997,13055,9288,3129,6159,3767,,,,,,,,,,,,,,,,,,,,,,,,,,3767,,,,,,,,,,,,,,,,,,,,,,,,0,,,,,,,,,,,,,,,,
01/10/1997,12289,6613,2432,4182,5676,,,,,,,,,,,,,,,,,,,,,,,,,,5676,,,,,,,,,,,,,,,,,,,,,,,,0,,,,,,,,,,,,,,,,
01/11/1997,13051,7361,5579,1782,5691,,,,,,,,,,,,,,,,,,,,,,,,,,5691,,,,,,,,,,,,,,,,,,,,,,,,0,,,,,,,,,,,,,,,,
01/12/1997,16600,10968,7318,3650,5631,,,,,,,,,,,,,,,,,,,,,,,,,,5631,,,,,,,,,,,,,,,,,,,,,,,,0,,,,,,,,,,,,,,,,
01/01/1998,16632,,4930,4257,7446,,,,,,,,,,,,,,,,,,,,,,,,,,7446,,,,,,,,,,,,,,,,,,,,,,,,0,,,,,,,,,,,,,,,,
01/02/1998,11346,,4502,3117,3726,,,,,,,,,,,,,,,,,,,,,,,,,,3726,,,,,,,,,,,,,,,,,,,,,,,,0,,,,,,,,,,,,,,,,
01/03/1998,19488,,7851,4202,7435,,,,,,,,,,,,,,,,,,,,,,,,,,7435,,,,,,,,,,,,,,,,,,,,,,,,0,,,,,,,,,,,,,,,,
01/04/1998,12886,,4509,2675,5702,,,,,,,,,,,,,,,,,,,,,,,,,,5702,,,,,,,,,,,,,,,,,,,,,,,,0,,,,,,,,,,,,,,,,
01/05/1998,10093,,2083,6119,1891,,,,,,,,,,,,,,,,,,,,,,,,,,1891,,,,,,,,,,,,,,,,,,,,,,,,0,,,,,,,,,,,,,,,,
01/06/1998,13250,,1938,5617,5695,,,,,,,,,,,,,,,,,,,,,,,,,,5695,,,,,,,,,,,,,,,,,,,,,,,,0,,,,,,,,,,,,,,,,
01/07/1998,11166,,1634,3852,5679,,,,,,,,,,,,,,,,,,,,,,,,,,5679,,,,,,,,,,,,,,,,,,,,,,,,0,,,,,,,,,,,,,,,,
01/08/1998,10563,,52,4834,5677,,,,,,,,,,,,,,,,,,,,,,,,,,5676,,,,,,,,,,,,,,,,,,,,,,,,1,,,,,,,,,,,,,,,,
01/09/1998,11957,,1481,2892,7584,,,,,,,,,,,,,,,,,,,,,,,,,,7584,,,,,,,,,,,,,,,,,,,,,,,,0,,,,,,,,,,,,,,,,
01/10/1998,12975,,2127,5167,5682,,,,,,,,,,,,,,,,,,,,,,,,,,5679,,,,,,,,,,,,,,,,,,,,,,,,3,,,,,,,,,,,,,,,,
01/11/1998,12494,,3630,5079,3785,,,,,,,,,,,,,,,,,,,,,,,,,,3776,,,,,,,,,,,,,,,,,,,,,,,,9,,,,,,,,,,,,,,,,
01/12/1998,16157,,5152,5323,5682,,,,,,,,,,,,,,,,,,,,,,,,,,5662,,,,,,,,,,,,,,,,,,,,,,,,20,,,,,,,,,,,,,,,,
01/01/1999,12400,,2264,4526,5610,,,,,,,,,,,,,,,,,,,,,,,,,,5586,,,,,,,,,,,,,,,,,,,,,,,,24,,,,,,,,,,,,,,,,
01/02/1999,12934,,2564,4777,5593,,,,,,,,,,,,,,,,,,,,,,,,,,5564,,,,,,,,,,,,,,,,,,,,,,,,29,,,,,,,,,,,,,,,,
01/03/1999,16035,,4494,5950,5591,,,,,,,,,,,,,,,,,,,,,,,,,,5570,,,,,,,,,,,,,,,,,,,,,,,,21,,,,,,,,,,,,,,,,
01/04/1999,13001,,2246,5049,5706,,,,,,,,,,,,,,,,,,,,,,,,,,5687,,,,,,,,,,,,,,,,,,,,,,,,19,,,,,,,,,,,,,,,,
01/05/1999,13988,,2212,6108,5668,,,,,,,,,,,,,,,,,,,,,,,,,,5644,,,,,,,,,,,,,,,,,,,,,,,,24,,,,,,,,,,,,,,,,
01/06/1999,11003,,1953,5278,3772,,,,,,,,,,,,,,,,,,,,,,,,,,3754,,,,,,,,,,,,,,,,,,,,,,,,18,,,,,,,,,,,,,,,,
01/07/1999,13294,,1987,5612,5695,,,,,,,,,,,,,,,,,,,,,,,,,,5675,,,,,,,,,,,,,,,,,,,,,,,,20,,,,,,,,,,,,,,,,
01/08/1999,13079,,2018,5398,5663,,,,,,,,,,,,,,,,,,,,,,,,,,5643,,,,,,,,,,,,,,,,,,,,,,,,20,,,,,,,,,,,,,,,,
01/09/1999,12852,,1959,5267,5626,,,,,,,,,,,,,,,,,,,,,,,,,,5605,,,,,,,,,,,,,,,,,,,,,,,,21,,,,,,,,,,,,,,,,
01/10/1999,10161,,2339,4086,3736,,,,,,,,,,,,,,,,,,,,,,,,,,3723,,,,,,,,,,,,,,,,,,,,,,,,13,,,,,,,,,,,,,,,,
01/11/1999,18628,,8018,5001,5609,,,,,,,,,,,,,,,,,,,,,,,,,,5579,,,,,,,,,,,,,,,,,,,,,,,,30,,,,,,,,,,,,,,,,
01/12/1999,16040,,6454,3973,5613,,,,,,,,,,,,,,,,,,,,,,,,,,5577,,,,,,,,,,,,,,,,,,,,,,,,36,,,,,,,,,,,,,,,,
01/01/2000,17776,,6234,5937,5604,,,,,,,,,,,,,,,,,,,,,,,,,,5569,,,,,,,,,,,,,,,,,,,,,,,,36,,,,,,,,,,,,,,,,
01/02/2000,21015,,9017,6394,5603,,,,,,,,,,,,,,,,,,,,,,,,,,5566,,,,,,,,,,,,,,,,,,,,,,,,37,,,,,,,,,,,,,,,,
01/03/2000,20505,,9051,7641,3814,,,,,,,,,,,,,,,,,,,,,,,,,,3769,,,,,,,,,,,,,,,,,,,,,,,,45,,,,,,,,,,,,,,,,
01/04/2000,17015,,3093,8222,5700,,,,,,,,,,,,,,,,,,,,,,,,,,5670,,,,,,,,,,,,,,,,,,,,,,,,30,,,,,,,,,,,,,,,,
01/05/2000,19810,,3732,10338,5740,,,,,,,,,,,,,,,,,,,,,,,,,,5709,,,,,,,,,,,,,,,,,,,,,,,,31,,,,,,,,,,,,,,,,
01/06/2000,16249,,3742,8714,3792,,,,,,,,,,,,,,,,,,,,,,,,,,3763,,,,,,,,,,,,,,,,,,,,,,,,30,,,,,,,,,,,,,,,,
01/07/2000,19546,,3762,10157,5626,,,,,,,,,,,,,,,,,,,,,,,,,,5597,,,,,,,,,,,,,,,,,,,,,,,,29,,,,,,,,,,,,,,,,
01/08/2000,20775,,3900,11248,5627,,,,,,,,,,,,,,,,,,,,,,,,,,5598,,,,,,,,,,,,,,,,,,,,,,,,29,,,,,,,,,,,,,,,,
01/09/2000,20568,,4682,10265,5620,,,,,,,,,,,,,,,,,,,,,,,,,,5592,,,,,,,,,,,,,,,,,,,,,,,,28,,,,,,,,,,,,,,,,
01/10/2000,23070,,5327,10197,7546,,,,,,,,,,,,,,,,,,,,,,,,,,7512,,,,,,,,,,,,,,,,,,,,,,,,35,,,,,,,,,,,,,,,,
01/11/2000,24767,,9877,9154,5736,,,,,,,,,,,,,,,,,,,,,,,,,,5686,,,,,,,,,,,,,,,,,,,,,,,,51,,,,,,,,,,,,,,,,
01/12/2000,22621,,10169,6834,5617,,,,,,,,,,,,,,,,,,,,,,,,,,5579,,,,,,,,,,,,,,,,,,,,,,,,38,,,,,,,,,,,,,,,,
01/01/2001,25547,19929,11818,8111,5618,,,,,,,,,,,,,,,,,,,,,,,,,,5571,,,,,,,,,,,,,,,,,,,,,,,,47,,,,,,,,,,,,,,,,
01/02/2001,26882,23126,15116,8009,3756,,,,,,,,,,,,,,,,,,,,,,,,,,3714,,,,,,,,,,,,,,,,,,,,,,,,42,,,,,,,,,,,,,,,,
01/03/2001,32121,26510,19400,7110,5611,,,,,,,,,,,,,,,,,,,,,,,,,,5569,,,,,,,,,,,,,,,,,,,,,,,,42,,,,,,,,,,,,,,,,
01/04/2001,23637,18009,12683,5326,5628,,,,,,,,,,,,,,,,,,,,,,,,,,5594,,,,,,,,,,,,,,,,,,,,,,,,34,,,,,,,,,,,,,,,,
01/05/2001,28981,23268,13328,9940,5713,,,,,,,,,,,,,,,,,,,,,,,,,,5677,,,,,,,,,,,,,,,,,,,,,,,,35,,,,,,,,,,,,,,,,
01/06/2001,24554,20751,9568,11183,3803,,,,,,,,,,,,,,,,,,,,,,,,,,3780,,,,,,,,,,,,,,,,,,,,,,,,23,,,,,,,,,,,,,,,,
01/07/2001,31219,25521,10449,15072,5698,,,,,,,,,,,,,,,,,,,,,,,,,,5665,,,,,,,,,,,,,,,,,,,,,,,,32,,,,,,,,,,,,,,,,
01/08/2001,28965,23248,7567,15682,5717,,,,,,,,,,,,,,,,,,,,,,,,,,5684,,,,,,,,,,,,,,,,,,,,,,,,33,,,,,,,,,,,,,,,,
01/09/2001,33517,27806,10030,17776,5711,,,,,,,,,,,,,,,,,,,,,,,,,,5676,,,,,,,,,,,,,,,,,,,,,,,,35,,,,,,,,,,,,,,,,
01/10/2001,34452,26827,10907,15920,7625,,,,,,,,,,,,,,,,,,,,,,,,,,7576,,,,,,,,,,,,,,,,,,,,,,,,49,,,,,,,,,,,,,,,,
01/11/2001,41840,36149,20659,15489,5692,,,,,,,,,,,,,,,,,,,,,,,,,,5644,,,,,,,,,,,,,,,,,,,,,,,,47,,,,,,,,,,,,,,,,
01/12/2001,41564,35916,25165,10751,5648,,,,,,,,,,,,,,,,,,,,,,,,,,5602,,,,,,,,,,,,,,,,,,,,,,,,46,,,,,,,,,,,,,,,,
01/01/2002,34491,28835,16274,12562,5656,,,,,,,,,,,,,,,,,,,,,,,,,,5605,,,,,,,,,,,,,,,,,,,,,,,,51,,,,,,,,,,,,,,,,
01/02/2002,30383,26591,15822,10770,3792,,,,,,,,,,,,,,,,,,,,,,,,,,3755,,,,,,,,,,,,,,,,,,,,,,,,37,,,,,,,,,,,,,,,,
01/03/2002,38141,32483,14270,18213,5658,,,,,,,,,,,,,,,,,,,,,,,,,,5619,,,,,,,,,,,,,,,,,,,,,,,,39,,,,,,,,,,,,,,,,
01/04/2002,39194,31740,12619,19122,7454,,,,,,,,,,,,,,,,,,,,,,,,,,7427,,,,,,,,,,,,,,,,,,,,,,,,26,,,,,,,,,,,,,,,,
01/05/2002,39459,37576,14777,22799,1882,,,,,,,,,,,,,,,,,,,,,,,,,,1853,,,,,,,,,,,,,,,,,,,,,,,,30,,,,,,,,,,,,,,,,
01/06/2002,44939,39327,14379,24948,5612,,,,,,,,,,,,,,,,,,,,,,,,,,5586,,,,,,,,,,,,,,,,,,,,,,,,25,,,,,,,,,,,,,,,,
01/07/2002,45032,39426,11856,27570,5607,,,,,,,,,,,,,,,,,,,,,,,,,,5588,,,,,,,,,,,,,,,,,,,,,,,,19,,,,,,,,,,,,,,,,
01/08/2002,46511,40905,11983,28922,5607,,,,,,,,,,,,,,,,,,,,,,,,,,5583,,,,,,,,,,,,,,,,,,,,,,,,24,,,,,,,,,,,,,,,,
01/09/2002,46563,40952,13471,27482,5611,,,,,,,,,,,,,,,,,,,,,,,,,,5583,,,,,,,,,,,,,,,,,,,,,,,,28,,,,,,,,,,,,,,,,
01/10/2002,42109,36495,10182,26314,5614,,,,,,,,,,,,,,,,,,,,,,,,,,5571,,,,,,,,,,,,,,,,,,,,,,,,43,,,,,,,,,,,,,,,,
01/11/2002,54589,48942,27678,21264,5647,,,,,,,,,,,,,,,,,,,,,,,,,,5609,,,,,,,,,,,,,,,,,,,,,,,,37,,,,,,,,,,,,,,,,
01/12/2002,54821,49118,26005,23113,5703,,,,,,,,,,,,,,,,,,,,,,,,,,5660,,,,,,,,,,,,,,,,,,,,,,,,43,,,,,,,,,,,,,,,,
01/01/2003,58449,52795,24719,28076,5654,,,,,,,,,,,,,,,,,,,,,,,,,,5610,,,,,,,,,,,,,,,,,,,,,,,,44,,,,,,,,,,,,,,,,
01/02/2003,56393,50784,25546,25238,5609,,,,,,,,,,,,,,,,,,,,,,,,,,5569,,,,,,,,,,,,,,,,,,,,,,,,40,,,,,,,,,,,,,,,,
01/03/2003,51851,46247,28854,17393,5604,,,,,,,,,,,,,,,,,,,,,,,,,,5565,,,,,,,,,,,,,,,,,,,,,,,,40,,,,,,,,,,,,,,,,
01/04/2003,48831,43194,22661,20532,5637,,,,,,,,,,,,,,,,,,,,,,,,,,5605,,,,,,,,,,,,,,,,,,,,,,,,33,,,,,,,,,,,,,,,,
01/05/2003,48519,44695,15159,29536,3825,,,,,,,,,,,,,,,,,,,,,,,,,,3798,,,,,,,,,,,,,,,,,,,,,,,,27,,,,,,,,,,,,,,,,
01/06/2003,51924,48406,17484,30922,3518,,,,,,,,,,,,,,,,,,,,,,,,,,3498,,,,,,,,,,,,,,,,,,,,,,,,19,,,,,,,,,,,,,,,,
01/07/2003,48707,42143,13429,28714,6564,,,,,,,,,,,,,,,,,,,,,,,,,,6546,,,,,,,,,,,,,,,,,,,,,,,,18,,,,,,,,,,,,,,,,
01/08/2003,50962,45796,14203,31593,5166,,,,,,,,,,,,,,,,,,,,,,,,,,5145,,,,,,,,,,,,,,,,,,,,,,,,21,,,,,,,,,,,,,,,,
01/09/2003,53337,47834,18657,29178,5503,,,,,,,,,,,,,,,,,,,,,,,,,,5475,,,,,,,,,,,,,,,,,,,,,,,,28,,,,,,,,,,,,,,,,
01/10/2003,62314,54715,20236,34479,7598,,,,,,,,,,,,,,,,,,,,,,,,,,7566,,,,,,,,,,,,,,,,,,,,,,,,32,,,,,,,,,,,,,,,,
01/11/2003,71867,66171,32214,33957,5696,,,,,,,,,,,,,,,,,,,,,,,,,,5659,,,,,,,,,,,,,,,,,,,,,,,,37,,,,,,,,,,,,,,,,
01/12/2003,76769,71068,37826,33242,5701,,,,,,,,,,,,,,,,,,,,,,,,,,5663,,,,,,,,,,,,,,,,,,,,,,,,38,,,,,,,,,,,,,,,,
01/01/2004,67024,61908,31054,30854,5116,,,,,,,,,,,,,,,,,,,,,,,,,,5071,,,,,,,,,,,,,,,,,,,,,,,,45,,,,,,,,,,,,,,,,
01/02/2004,69805,64634,37817,26817,5171,,,,,,,,,,,,,,,,,,,,,,,,,,5130,,,,,,,,,,,,,,,,,,,,,,,,41,,,,,,,,,,,,,,,,
01/03/2004,90982,85376,55703,29673,5606,,,,,,,,,,,,,,,,,,,,,,,,,,5564,,,,,,,,,,,,,,,,,,,,,,,,42,,,,,,,,,,,,,,,,
01/04/2004,61916,56277,32720,23557,5639,,,,,,,,,,,,,,,,,,,,,,,,,,5607,,,,,,,,,,,,,,,,,,,,,,,,32,,,,,,,,,,,,,,,,
01/05/2004,60968,59059,26984,32076,1909,,,,,,,,,,,,,,,,,,,,,,,,,,1883,,,,,,,,,,,,,,,,,,,,,,,,26,,,,,,,,,,,,,,,,
01/06/2004,64227,60439,24424,36016,3788,,,,,,,,,,,,,,,,,,,,,,,,,,3767,,,,,,,,,,,,,,,,,,,,,,,,21,,,,,,,,,,,,,,,,
01/07/2004,67031,61405,23224,38180,5627,,,,,,,,,,,,,,,,,,,,,,,,,,5611,,,,,,,,,,,,,,,,,,,,,,,,15,,,,,,,,,,,,,,,,
01/08/2004,67491,61887,22575,39313,5604,,,,,,,,,,,,,,,,,,,,,,,,,,5588,,,,,,,,,,,,,,,,,,,,,,,,15,,,,,,,,,,,,,,,,
01/09/2004,74439,66966,29681,37285,7474,,,,,,,,,,,,,,,,,,,,,,,,,,7445,,,,,,,,,,,,,,,,,,,,,,,,28,,,,,,,,,,,,,,,,
01/10/2004,61174,55845,21827,34018,5329,,,,,,,,,,,,,,,,,,,,,,,,,,5296,,,,,,,,,,,,,,,,,,,,,,,,33,,,,,,,,,,,,,,,,
01/11/2004,86431,80824,45803,35020,5607,,,,,,,,,,,,,,,,,,,,,,,,,,5573,,,,,,,,,,,,,,,,,,,,,,,,34,,,,,,,,,,,,,,,,
01/12/2004,82649,77051,42774,34277,5599,,,,,,,,,,,,,,,,,,,,,,,,,,5563,,,,,,,,,,,,,,,,,,,,,,,,36,,,,,,,,,,,,,,,,
01/01/2005,91395,85799,53059,32740,5597,,,,,,,,,,,,,,,,,,,,,,,,,,5565,,,,,,,,,,,,,,,,,,,,,,,,32,,,,,,,,,,,,,,,,
01/02/2005,89576,83987,52597,31390,5589,,,,,,,,,,,,,,,,,,,,,,,,,,5560,,,,,,,,,,,,,,,,,,,,,,,,30,,,,,,,,,,,,,,,,
01/03/2005,96220,90634,64725,25909,5586,,,,,,,,,,,,,,,,,,,,,,,,,,5559,,,,,,,,,,,,,,,,,,,,,,,,27,,,,,,,,,,,,,,,,
01/04/2005,55538,49883,29221,20662,5655,,,,,,,,,,,,,,,,,,,,,,,,,,5630,,,,,,,,,,,,,,,,,,,,,,,,26,,,,,,,,,,,,,,,,
01/05/2005,58944,55190,28465,26725,3754,,,,,,,,,,,,,,,,,,,,,,,,,,3734,,,,,,,,,,,,,,,,,,,,,,,,20,,,,,,,,,,,,,,,,
01/06/2005,54807,51041,18392,32648,3766,,,,,,,,,,,,,,,,,,,,,,,,,,3744,,,,,,,,,,,,,,,,,,,,,,,,22,,,,,,,,,,,,,,,,
01/07/2005,55048,47579,17957,29622,7468,,,,,,,,,,,,,,,,,,,,,,,,,,7454,,,,,,,,,,,,,,,,,,,,,,,,14,,,,,,,,,,,,,,,,
01/08/2005,51987,46391,19254,27137,5596,,,,,,,,,,,,,,,,,,,,,,,,,,5587,,,,,,,,,,,,,,,,,,,,,,,,9,,,,,,,,,,,,,,,,
01/09/2005,43824,38233,16123,22110,5591,,,,,,,,,,,,,,,,,,,,,,,,,,5577,,,,,,,,,,,,,,,,,,,,,,,,15,,,,,,,,,,,,,,,,
01/10/2005,41025,35433,15169,20265,5592,,,,,,,,,,,,,,,,,,,,,,,,,,5574,,,,,,,,,,,,,,,,,,,,,,,,18,,,,,,,,,,,,,,,,
01/11/2005,44964,39373,20488,18884,5591,,,,,,,,,,,,,,,,,,,,,,,,,,5574,,,,,,,,,,,,,,,,,,,,,,,,17,,,,,,,,,,,,,,,,
01/12/2005,45272,39691,22828,16863,5581,,,,,,,,,,,,,,,,,,,,,,,,,,5568,,,,,,,,,,,,,,,,,,,,,,,,13,,,,,,,,,,,,,,,,
01/01/2006,55600,50022,31979,18043,5579,,,,,,,,,,,,,,,,,,,,,,,,,,5572,,,,,,,,,,,,,,,,,,,,,,,,7,,,,,,,,,,,,,,,,
01/02/2006,58766,53188,32718,20469,5578,,,,,,,,,,,,,,,,,,,,,,,,,,5563,,,,,,,,,,,,,,,,,,,,,,,,15,,,,,,,,,,,,,,,,
01/03/2006,69434,63872,37407,26466,5561,,,,,,,,,,,,,,,,,,,,,,,,,,5556,,,,,,,,,,,,,,,,,,,,,,,,5,,,,,,,,,,,,,,,,
01/04/2006,45181,39599,15651,23948,5582,,,,,,,,,,,,,,,,,,,,,,,,,,5570,,,,,,,,,,,,,,,,,,,,,,,,13,,,,,,,,,,,,,,,,
01/05/2006,62557,56968,21343,35625,5589,,,,,,,,,,,,,,,,,,,,,,,,,,5575,,,,,,,,,,,,,,,,,,,,,,,,14,,,,,,,,,,,,,,,,
01/06/2006,65708,60110,22974,37136,5598,,,,,,,,,,,,,,,,,,,,,,,,,,5586,,,,,,,,,,,,,,,,,,,,,,,,12,,,,,,,,,,,,,,,,
01/07/2006,58874,53267,16624,36643,5607,,,,,,,,,,,,,,,,,,,,,,,,,,5595,,,,,,,,,,,,,,,,,,,,,,,,12,,,,,,,,,,,,,,,,
01/08/2006,54739,49099,17187,31912,5640,,,,,,,,,,,,,,,,,,,,,,,,,,5628,,,,,,,,,,,,,,,,,,,,,,,,12,,,,,,,,,,,,,,,,
01/09/2006,52583,48843,22936,25907,3740,,,,,,,,,,,,,,,,,,,,,,,,,,3726,,,,,,,,,,,,,,,,,,,,,,,,14,,,,,,,,,,,,,,,,
01/10/2006,58904,55708,30440,25268,3196,,,,,,,,,,,,,,,,,,,,,,,,,,3171,,,,,,,,,,,,,,,,,,,,,,,,26,,,,,,,,,,,,,,,,
01/11/2006,69688,64854,44928,19926,4834,,,,,,,,,,,,,,,,,,,,,,,,,,4806,,,,,,,,,,,,,,,,,,,,,,,,28,,,,,,,,,,,,,,,,
01/12/2006,71923,67490,46878,20613,4433,,,,,,,,,,,,,,,,,,,,,,,,,,4417,,,,,,,,,,,,,,,,,,,,,,,,16,,,,,,,,,,,,,,,,
01/01/2007,69221,64344,40663,23680,4878,,,,,,,,,,,,,,,,,,,,,,,,,,4870,,,,,,,,,,,,,0,,,,,,,,,,,7,,,,,,,,,,,,,,,,
01/02/2007,56539,51522,34287,17236,5017,,,,,,,,,,,,,,,,,,,,,,,,,,5001,,,,,,,,,,,,,0,,,,,,,,,,,16,,,,,,,,,,,,,,,,
01/03/2007,77036,72282,53430,18853,4753,,,,,,,,,,,,,,,,,,,,,,,,,,4745,,,,,,,,,,,,,0,,,,,,,,,,,8,,,,,,,,,,,,,,,,
01/04/2007,50736,47227,31748,15479,3509,,,,,,,,,,,,,,,,,,,,,,,,,,3502,,,,,,,,,,,,,0,,,,,,,,,,,7,,,,,,,,,,,,,,,,
01/05/2007,62477,58901,35031,23869,3577,,,,,,,,,,,,,,,,,,,,,,,,,,3568,,,,,,,,,,,,,0,,,,,,,,,,,9,,,,,,,,,,,,,,,,
01/06/2007,57309,53960,28197,25763,3349,,,,,,,,,,,,,,,,,,,,,,,,,,3342,,,,,,,,,,,,,0,,,,,,,,,,,6,,,,,,,,,,,,,,,,
01/07/2007,70660,66412,37897,28516,4247,,,,,,,,,,,,,,,,,,,,,,,,,,4239,,,,,,,,,,,,,0,,,,,,,,,,2,7,,,,,,,,,,,,,,,,
01/08/2007,61870,57554,27608,29945,4316,,,,,,,,,,,,,,,,,,,,,,,,,,4310,,,,,,,,,,,,,0,,,,,,,,,,,6,,,,,,,,,,,,,,,,
01/09/2007,65077,61468,32984,28484,3609,,,,,,,,,,,,,,,,,,,,,,,,,,3604,,,,,,,,,,,,,0,,,,,,,,,,,5,,,,,,,,,,,,,,,,
01/10/2007,63576,59996,31094,28902,3580,,,,,,,,,,,,,,,,,,,,,,,,,,1680,,,,,,,,,,,,,1895,,,,,,,,,,,6,,,,,,,,,,,,,,,,
01/11/2007,86458,83249,57587,25661,3209,,,,,,,,,,,,,,,,,,,,,,,,,,3204,,,,,,,,,,,,,0,,,,,,,,,,,5,,,,,,,,,,,,,,,,
01/12/2007,101495,97055,71671,25384,4441,,,,,,,,,,,,,,,,,,,,,,,,,,4436,,,,,,,,,,,,,0,,,,,,,,,,,5,,,,,,,,,,,,,,,,
01/01/2008,109302,106460,66585,39875,2842,,,,,,,,,,,,,,,,,,,,,,,,,,2835,,,,,,,,,,,,,0,,,,,,,,,,0,6,,,,,,,,,,,,,,,,
01/02/2008,99374,96635,59189,37446,2738,,,,,,,,,,,,,,,,,,,,,,,,,,2733,,,,,,,,,,,,,0,,,,,,,,,,0,5,,,,,,,,,,,,,,,,
01/03/2008,100351,97418,66400,31018,2933,,,,,,,,,,,,,,,,,,,,,,,,,,2926,,,,,,,,,,,,,0,,,,,,,,,,0,7,,,,,,,,,,,,,,,,
01/04/2008,74343,71478,43367,28111,2865,,,,,,,,,,,,,,,,,,,,,,,,,,2860,,,,,,,,,,,,,0,,,,,,,,,,0,5,,,,,,,,,,,,,,,,
01/05/2008,68981,65493,40356,25137,3489,,,,,,,,,,,,,,,,,,,,,,,,,,3485,,,,,,,,,,,,,0,,,,,,,,,,0,3,,,,,,,,,,,,,,,,
01/06/2008,61702,57847,27484,30363,3855,,,,,,,,,,,,,,,,,,,,,,,,,,3849,,,,,,,,,,,,,0,,,,,,,,,,0,6,,,,,,,,,,,,,,,,
01/07/2008,63345,59730,29551,30179,3615,,,,,,,,,,,,,,,,,,,,,,,,,,3613,,,,,,,,,,,,,0,,,,,,,,,,0,2,,,,,,,,,,,,,,,,
01/08/2008,67157,62163,27579,34585,4994,,,,,,,,,,,,,,,,,,,,,,,,,,4994,,,,,,,,,,,,,0,,,,,,,,,,0,0,,,,,,,,,,,,,,,,
01/09/2008,55330,52197,25683,26514,3133,,,,,,,,,,,,,,,,,,,,,,,,,,3129,,,,,,,,,,,,,0,,,,,,,,,,0,4,,,,,,,,,,,,,,,,
01/10/2008,66843,63897,35446,28451,2946,,,,,,,,,,,,,,,,,,,,,,,,,,2939,,,,,,,,,,,,,0,,,,,,,,,,0,7,,,,,,,,,,,,,,,,
01/11/2008,90432,87288,61464,25825,3144,,,,,,,,,,,,,,,,,,,,,,,,,,3139,,,,,,,,,,,,,0,,,,,,,,,,0,5,,,,,,,,,,,,,,,,
01/12/2008,106101,103438,75545,27892,2663,,,,,,,,,,,,,,,,,,,,,,,,,,2660,,,,,,,,,,,,,0,,,,,,,,,,0,3,,,,,,,,,,,,,,,,
01/01/2009,112989,111138,83544,27594,1851,,,,,,,,,,,,,,,,,,,,,,,,,,1847,,,,,,,,,,,,,0,,,,,,,,,,0,4,,,,,,,,,,,0,,,,,
01/02/2009,103196,100433,75174,25259,2763,,,,,,,,,,,,,,,,,,,,,,,,,,2759,,,,,,,,,,,,,0,,,,,,,,,,0,4,,,,,,,,,,,,,,,,
01/03/2009,103699,100759,76564,24196,2940,,,,,,,,,,,,,,,,,,,,,,,,,,2938,,,,,,,,,,,,,0,,,,,,,,,,0,2,,,,,,,,,,,,,,,,
01/04/2009,80016,78099,55450,22648,1917,,,,,,,,,,,,,,,,,,,,,,,,,,1915,,,,,,,,,,,,,0,,,,,,,,,,0,2,,,,,,,,,,,,,,,,
01/05/2009,77072,75158,46007,29151,1914,,,,,,,,,,,,,,,,,,,,,,,,,,1912,,,,,,,,,,,,,0,,,,,,,,,,0,2,,,,,,,,,,,,,,,,
01/06/2009,66259,64344,36558,27786,1915,,,,,,,,,,,,,,,,,,,,,,,,,,1913,,,,,,,,,,,,,0,,,,,,,,,,0,3,,,,,,,,,,,,,,,,
01/07/2009,76273,72436,41794,30642,3837,,,,,,,,,,,,,,,,,,,,,,,,,,3832,,,,,,,,,,,,,0,,,,,,,,,,0,5,,,,,,,,,,,,,,,,
01/08/2009,78755,76830,45214,31616,1925,,,,,,,,,,,,,,,,,,,,,,,,,,1918,,,,,,,,,,,,,0,,,,,,,,,,0,7,,,,,,,,,,,,,,,,
01/09/2009,83786,79940,46852,33089,3845,,,,,,,,,,,,,,,,,,,,,,,,,,3835,,,,,,,,,,,,,0,,,,,,,,,,0,11,,,,,,,,,,,,,,,,
01/10/2009,78092,76165,47086,29080,1927,,,,,,,,,,,,,,,,,,,,,,,,,,1914,,,,,,,,,,,,,0,,,,,,,,,,0,12,,,,,,,,,,,,,,,,
01/11/2009,96892,94961,65747,29214,1931,,,,,,,,,,,,,,,,,,,,,,,,,,1917,,,,,,,,,,,,,0,,,,,,,,,,0,13,,,,,,,,,,,,,,,,
01/12/2009,115328,108739,80608,28131,6589,,,,,,,,,,,,,,,,,,,,,,,,,,3836,,,,,,,,,,,,,0,,,,,,,,,,0,17,,,,,,,,,,,2735,,,,,
01/01/2010,93570,91632,68232,23400,1939,,,,,,,,,,,,,,,,,,,,,,,,,,1920,,,,,,,,,,,,,0,,,,,,,,,,0,18,,,0,,,,0,0,,,0,0,,0,,
01/02/2010,87820,82732,60310,22422,5088,,,,,,,,,,,,,,,,,,,,,,,,,,1922,,,,,,,,,,,,,0,,,,,,,,,,0,17,,,0,,,,0,0,,,0,3149,,0,,
01/03/2010,99574,97639,76977,20663,1935,,,,,,,,,,,,,,,,,,,,,,,,,,1914,,,,,,,,,,,,,0,,,,,,,,,,0,21,,,0,,,,0,0,,,0,0,,0,,
01/04/2010,75938,72086,50454,21632,3852,,,,,,,,,,,,,,,,,,,,,,,,,,3836,,,,,,,,,,,,,0,,,,,,,,,,0,16,,,0,,,,0,0,,,0,0,,0,,
01/05/2010,85725,83795,54676,29119,1930,,,,,,,,,,,,,,,,,,,,,,,,,,1915,,,,,,,,,,,,,0,,,,,,,,,,0,15,,,0,,,,0,0,,,0,0,,0,,
01/06/2010,90040,85009,51219,33790,5031,,,,,,,,,,,,,,,,,,,,,,,,,,1915,,,,,,,,,,,,,0,,,,,,,,,,0,13,,,0,,,,0,0,,,3103,0,,0,,
01/07/2010,85851,82009,49558,32452,3842,,,,,,,,,,,,,,,,,,,,,,,,,,3829,,,,,,,,,,,,,0,,,,,,,,,,0,13,,,0,,,,0,0,,,0,0,,0,,
01/08/2010,84164,82235,48899,33336,1928,,,,,,,,,,,,,,,,,,,,,,,,,,1916,,,,,,,,,,,,,0,,,,,,,,,,0,12,,,0,,,,0,0,,,0,0,,0,,
01/09/2010,79475,72811,49604,23207,6664,,,,,,,,,,,,,,,,,,,,,,,,,,3829,,,,,,,,,,,,,0,,,,,,,,,,0,13,,,0,,,,0,2822,,,0,0,,0,,
01/10/2010,95974,88069,63371,24697,7906,,,,,,,,,,,,,,,,,,,,,,,,,,1915,,,,,,,,,,,,,0,,,,,,,,,,0,21,,,0,,,,0,0,,,5970,0,,0,,
01/11/2010,123537,113969,83875,30095,9567,,,,,,,,,,,,,,,,,,,,,,,,,,1918,,,,,,,,,,,,,0,,,,,,,,,,0,23,,,3279,,,,0,0,,,0,968,,3379,,
01/12/2010,135121,120010,81572,38439,15111,,,,,,,,,,,,,,,,,,,,,,,,,,3271,,,,,,,,,,,,,0,,,,,,,,,,0,25,,,0,,,,2873,0,,,2735,0,,6206,,
01/01/2011,135721,121333,85171,36162,14388,,,,,,,,,,,0,,,,,,,,,,,,,,,1856,,,,,,,,,,,,,0,,,,,,,,,,0,29,,,0,0,0,,3477,0,,,3157,3007,,2862,0,0
01/02/2011,125014,119966,83577,36388,5049,,,,,,,,,,,0,,,,,,,,,,,,,,,1908,,,,,,,,,,,,,0,,,,,,,,,,0,20,,,0,0,0,,3120,0,,,0,0,,0,0,0
01/03/2011,144360,139347,98465,40883,5013,,,,,,,,,,,0,,,,,,,,,,,,,,,1915,,,,,,,,,,,,,0,,,,,,,,,,0,26,,,0,0,0,,3072,0,,,0,0,,0,0,0
01/04/2011,126374,118630,75750,42880,7743,,,,,,,,,,,0,,,,,,,,,,,,,,,1913,,,,,,,,,,,,,0,,,,,,,,,,0,18,,,0,0,0,,0,0,,,2901,2911,,0,0,0
01/05/2011,131797,123355,79646,43709,8442,,,,,,,,,,,1127,,,,,,,,,,,,,,,0,,,,,,,,,,,,,0,,,,,,,,,,0,20,,,1680,0,0,,2873,2741,,,0,0,,0,0,0
01/06/2011,119470,117541,71099,46443,1929,,,,,,,,,,,0,,,,,,,,,,,,,,,1915,,,,,,,,,,,,,0,,,,,,,,,,0,14,,,0,0,0,,0,0,,,0,0,,0,0,0
01/07/2011,113280,110687,63754,46933,2593,,,,,,,,,,,0,,,,,,,,,,,,,,,0,,,,,,,,,,,,,0,,,,,,,,,,0,12,,,2581,0,0,,0,0,,,0,0,,0,0,0
01/08/2011,111404,109478,67490,41989,1926,,,,,,,,,,,0,,,,,,,,,,,,,,,1911,,,,,,,,,,,,,0,,,,,,,,,,0,14,,,0,0,0,,0,0,,,0,0,,0,0,0
01/09/2011,126744,116779,77496,39283,9965,,,,,,,,,,,0,,,,,,,,,,,,,,,1916,,,,,,,,,,,,,0,,,,,,,,,,0,15,,,4681,0,3354,,0,0,,,0,0,,0,0,0
01/10/2011,109513,106643,63997,42646,2870,,,,,,,,,,,0,,,,,,,,,,,,,,,0,,,,,,,,,,,,,0,,,,,,,,,,0,22,,,0,0,2848,,0,0,,,0,0,,0,0,0
01/11/2011,127599,122730,83861,38869,4869,,,,,,,,,,,0,,,,,,,,,,,,,,,1936,,,,,,,,,,,,,0,,,,,,,,,,0,23,,,0,2910,0,,0,0,,,0,0,,0,0,0
01/12/2011,134374,129159,86688,42471,5215,,,,,,,,,,,0,,,,,,,,,,,,,,,0,,,,,,,,,,,,,0,,,,,,,,,,0,23,,,2108,0,0,,0,0,,,3085,0,,0,0,0
01/01/2012,130464,124265,83852,40414,6199,,,,,,,,,,,0,,,,,,,,,,,,,,,0,,,,,,,,,,,,,0,,,,,,,,,,0,20,,,0,0,0,,3004,3174,0,,0,0,,0,0,0
01/02/2012,130175,128295,86627,41668,1880,,,,,,,,,,,0,,,,,,,,,,,,,,,0,,,,,,,,,,,,,0,,,,,,,,,,0,18,,,0,0,0,,0,1863,0,,0,0,,0,0,0
01/03/2012,141164,138549,92962,45588,2615,,,,,,,,,,,0,,,,,,,,,,,,,,,0,,,,,,,,,,,,,0,,,,,,,,,,0,14,,,2601,0,0,,0,0,0,,0,0,,0,0,0
01/04/2012,123150,123132,77652,45480,18,,,,,,,,,,,0,,,,,,,,,,,,,,,0,,,,,,,,,,,,,0,,,,,,,,,,0,18,,,0,0,0,,0,0,0,,0,0,,0,0,0
01/05/2012,132979,130168,78008,52160,2811,,,,,,,,,,,0,,,,,,,,,,,,,,,2794,,,,,,,,,,,,,0,,,,,,,,,,0,17,,,0,0,0,,0,0,0,,0,0,,0,0,0
01/06/2012,125140,122741,64262,58479,2399,,,,,,,,,,,0,,,,,,,,,,,,,,,2386,,,,,,,,,,,,,0,,,,,,,,,,0,13,,,0,0,0,,0,0,0,,0,0,,0,0,0
01/07/2012,118367,118355,61822,56534,12,,,,,,,,,,,0,,,,,,,,,,,,,,,0,,,,,,,,,,,,,0,,,,,,,,,,0,12,,,0,0,0,,0,0,0,,0,0,,0,0,0
01/08/2012,139248,136793,77088,59706,2455,,,,,,,,,,,0,,,,,,,,,,,,,,,2443,,,,,,,,,,,,,0,,,,,,,,,,0,12,,,0,0,0,,0,0,0,,0,0,,0,0,0
01/09/2012,137374,137362,79795,57567,12,,,,,,,,,,,0,,,,,,,,,,,,,,,0,,,,,,,,,,,,,0,,,,,,,,,,0,12,,,0,0,0,,0,0,0,,0,0,,0,0,0
01/10/2012,139930,135559,75043,60516,4371,,,,,,,,,,,0,,,,,,,,,,,,,,,1719,,,,,,,,,,,,,0,,,,,,,,,,0,8,,,2644,0,0,,0,0,0,,0,0,,0,0,0
01/11/2012,142299,142292,92926,49366,7,,,,,,,,,,,0,,,,,,,,,,,,,,,0,,,,,,,,,,,,,0,,,,,,,,,,0,7,,,0,0,0,,0,0,0,,0,0,,0,0,0
01/12/2012,158538,153018,100693,52325,5520,,,,,,,,,,,0,,,,,,,,,,,,,,,0,,,,,,,,,,,,,0,,,,,,,,,,2,3,,,2897,0,0,,0,0,0,2618,0,0,,0,0,0
01/01/2013,154442,154430,98824,55606,13,,0,,,,,,,,,,,,,,,,,,,,,,,,0,,,,,,,,,,,,,0,,,,,,,,,13,3,10,0,,0,0,0,,0,0,,,0,0,,0,0,0
01/02/2013,133003,132981,84221,48760,22,,0,,,,,,,,,,,,,,,,,,,,,,,,0,,,,,,,,,,,,,0,,,,,,,,,22,5,18,0,,0,0,0,,0,0,,,0,0,,0,0,0
01/03/2013,148544,148521,92414,56107,23,,0,,,,,,,,,,,,,,,,,,,,,,,,0,,,,,,,,,,,,,0,,,,,,,,,23,4,19,0,,0,0,0,,0,0,,,0,0,,0,0,0
01/04/2013,125771,125749,70909,54840,21,,0,,,,,,,,,,,,,,,,,,,,,,,,0,,,,,,,,,,,,,0,,,,,,,,,21,6,15,0,,0,0,0,,0,0,,,0,0,,0,1,1
01/05/2013,142071,142032,81695,60338,15,,0,,,,,,,,,,,,,,,,,,,,,,,,0,,,,,,,,,,,,,0,,,,,,,,,15,9,6,0,,0,0,0,,0,0,,,0,0,,0,24,24
01/06/2013,133808,133778,75874,57903,12,,0,,,,,,,,,,,,,,,,,,,,,,,,0,,,,,,,,,,,,,0,,,,,,,,,12,8,3,0,,0,0,0,,0,0,,,0,0,,0,19,19
01/07/2013,128612,128589,66473,62116,8,,0,,,,,,,,,,,,,,,,,,,,,,,,0,,,,,,,,,,,,,0,,,,,,,,,8,5,3,0,,0,0,0,,0,0,,,0,0,,0,15,15
01/08/2013,130324,130312,68329,61982,9,,0,,,,,,,,,,,,,,,,,,,,,,,,0,,,,,,,,,,,,,0,,,,,,,,,9,8,2,0,,0,0,0,,0,0,,,0,0,,0,3,3
01/09/2013,122421,122410,69733,52677,12,,0,,,,,,,,,,,,,,,,,,,,,,,,0,,,,,,,,,,,,,0,,,,,,,,,12,7,4,0,,0,0,0,,0,0,,,0,0,,0,0,0
01/10/2013,122406,122381,69644,52737,16,,0,,,,,,,,,,,,,,,,,,,,,,,,0,,,,,,,,,,,,,0,,,,,,,,,16,5,11,0,,0,0,0,,0,0,,,0,0,,0,8,8
01/11/2013,113682,110912,59903,51009,2747,,0,,,,,,,,,,,,,,,,,,,,,,,,0,,,,,,,,,,,,,0,,,,,,,,,22,7,15,2725,,0,0,0,,0,0,,,0,0,,0,23,23
01/12/2013,117329,117281,72988,44293,26,,0,,,,,,,,,,,,,,,,,,,,,,,,0,,,,,,,,,,,,,0,,,,,,,,,26,5,21,0,,0,0,0,,0,0,,,0,0,,0,22,22
01/01/2014,134807,134746,81939,52807,29,29,0,,,,,,,,,,,,,,,,,,,,,,,,,,,,,,,,,,,,,0,,,,,,,,,29,8,21,0,,0,0,0,,0,0,0,,0,0,,0,32,32
01/02/2014,138550,135827,84535,51291,2694,30,0,,,,,,,,,,,,,,,,,,,,,,,,,,,,,,,,,,,,,0,,,,,,,,,30,12,18,2664,,2664,0,0,,0,0,0,,0,0,,0,29,29
01/03/2014,149508,149455,91436,58019,28,28,0,,,,,,,,,,,,,,,,,,,,,,,,,,,,,,,,,,,,,0,,,,,,,,,28,11,17,0,,0,0,0,,0,0,0,,0,0,,0,25,25
01/04/2014,121928,121877,65157,56719,25,25,0,,,,,,,,,,,,,,,,,,,,,,,,,,,,,,,,,,,,,0,,,,,,,,,25,9,16,0,,0,0,0,,0,0,0,,0,0,,0,26,26
01/05/2014,114105,112175,49976,62199,1907,1907,1886,,,,,,,,,,,,,,,,,,,,,,,,1886,,,,,,,,,,,,,0,,,,,,,,,21,9,12,0,,0,0,0,,0,0,0,,0,0,,0,22,22
01/06/2014,119864,119828,54581,65247,17,17,0,,,,,,,,,,,,,,,,,,,,,,,,,,,,,,,,,,,,,0,,,,,,,,,17,7,10,0,,0,0,0,,0,0,0,,0,0,,0,19,19
01/07/2014,127301,124462,55096,69366,2827,2827,2809,,,,,,,,,,,,,,,,,,,,,,,,2809,,,,,,,,,,,,,0,,,,,,,,,18,7,11,0,,0,0,0,,0,0,0,,0,0,,0,12,12
01/08/2014,115376,112513,46888,65624,2863,2863,2846,,,,,,,,,,,,,,,,,,,,,,,,2846,,,,,,,,,,,,,0,,,,,,,,,17,7,10,0,,0,0,0,,0,0,0,,0,0,,0,0,0
01/09/2014,119891,116987,52153,64834,2904,2904,2886,,,,,,,,,,,,,,,,,,,,,,,,2886,,,,,,,,,,,,,0,,,,,,,,,18,6,12,0,,0,0,0,,0,0,0,,0,0,,0,0,0
01/10/2014,115069,112156,51838,60318,2904,2904,2884,,,,,,,,,,,,,,,,,,,,,,,,2884,,,,,,,,,,,,,0,,,,,,,,,20,7,13,0,,0,0,0,,0,0,0,,0,0,,0,9,9
01/11/2014,120861,120814,62327,58487,27,27,0,,,,,,,,,,,,,,,,,,,,,,,,,,,,,,,,,,,,,0,,,,,,,,,27,7,20,0,,0,0,0,,0,0,0,,0,0,,0,20,20
01/12/2014,136982,136932,73331,63601,28,28,0,,,,,,,,,,,,,,,,,,,,,,,,,,,,,,,,,,,,,0,,,,,,,,,28,8,20,0,,0,0,0,,0,0,0,,0,0,,0,22,22
01/01/2015,144522,141663,73028,68635,2832,27,0,,0,,,0,,0,0,0,,,,,,,,,,0,,,,,0,,,,,,,,,,,,0,0,,,,0,,,0,,27,6,21,2805,,2805,0,0,0,0,0,0,0,0,0,0,0,27,27
01/02/2015,144955,142190,77594,64596,2748,20,0,,0,,,0,,0,0,0,,,,,,,,,,0,,,,,0,,,,,,,,,,,,0,0,,,,0,,,0,,20,4,16,2728,,2728,0,0,0,0,0,0,0,0,0,0,0,17,17
01/03/2015,163967,163925,89639,74286,23,23,0,,0,,,0,,0,0,0,,,,,,,,,,0,,,,,0,,,,,,,,,,,,0,0,,,,0,,,0,,23,6,17,0,,0,0,0,0,0,0,0,0,0,0,0,0,20,20
01/04/2015,130328,130283,53086,77196,24,24,0,,0,,,0,,0,0,0,,,,,,,,,,0,,,,,0,,,,,,,,,,,,0,0,,,,0,,,0,,24,6,18,0,,0,0,0,0,0,0,0,0,0,0,0,0,21,21
01/05/2015,134274,131477,44672,86805,2769,2769,2748,,0,,,0,,0,0,0,,,,,,,,,,0,,,,,0,,,,,,,,,,,,0,0,,,,2748,,,0,,21,6,15,0,,0,0,0,0,0,0,0,0,0,0,0,0,28,28
01/06/2015,138179,135382,44658,90724,2774,2774,2754,,0,,,0,,0,0,0,,,,,,,,,,0,,,,,0,,,,,,,,,,,,0,0,,,,2754,,,0,,20,6,14,0,,0,0,0,0,0,0,0,0,0,0,0,0,23,23
01/07/2015,143820,141027,39995,101031,2771,2771,2753,,0,,,0,,0,0,0,,,,,,,,,,0,,,,,2753,,,,,,,,,,,,0,0,,,,0,,,0,,17,5,13,0,,0,0,0,0,0,0,0,0,0,0,0,0,23,23
01/08/2015,144885,142117,40986,101131,2763,2763,2753,,0,,,0,,0,0,0,,,,,,,,,,0,,,,,2753,,,,,,,,,,,,0,0,,,,0,,,0,,10,0,10,0,,0,0,0,0,0,0,0,0,0,0,0,0,5,5
01/09/2015,162573,159806,59695,100111,2767,2767,2755,,0,,,0,,0,0,0,,,,,,,,,,0,,,,,0,,,,,,,,,,,,0,0,,,,2755,,,0,,12,2,11,0,,0,0,0,0,0,0,0,0,0,0,0,0,0,0
01/10/2015,158517,155744,57430,98314,2769,2769,2755,,0,,,0,,0,0,0,,,,,,,,,,0,,,,,2755,,,,,,,,,,,,0,0,,,,0,,,0,,14,0,14,0,,0,0,0,0,0,0,0,0,0,0,0,0,4,4
01/11/2015,155739,152750,61260,91490,2969,21,0,,0,,,0,,0,0,0,,,,,,,,,,0,,,,,0,,,,,,,,,,,,0,0,,,,0,,,0,,21,1,21,2947,,0,0,0,2947,0,0,0,0,0,0,0,0,20,20
01/12/2015,161754,158555,58603,99952,3172,27,0,,0,,,0,,0,0,0,,,,,,,,,,0,,,,,0,,,,,,,,,,,,0,0,,,,0,,,0,,27,0,27,3145,,0,0,0,0,0,0,0,0,0,0,3145,0,27,27
01/01/2016,168521,168470,69629,98841,26,26,0,,0,,,0,,0,0,0,,,0,0,,,,,,0,,,,,0,0,0,,,0,0,0,,0,,0,0,0,,0,0,0,0,0,0,,26,2,25,0,0,0,0,0,0,0,0,0,0,0,0,0,0,25,25
01/02/2016,162757,159426,62192,97234,3309,2019,1995,,0,,,2,,1993,0,0,,,0,0,,,,,,0,,,,,0,0,0,,,0,0,0,,0,,0,0,0,,0,0,0,0,0,0,,24,0,24,1290,0,1290,0,0,0,0,0,0,0,0,0,0,0,22,22
01/03/2016,194915,184816,81403,103413,10078,9532,9507,,0,,,2,,3270,0,0,,,0,0,,,,,,2844,,,,,0,0,0,,,0,0,0,,0,,0,0,0,,0,0,0,0,0,3391,,24,0,24,547,0,0,0,0,0,547,0,0,0,0,0,0,0,21,21
01/04/2016,177853,167789,62931,104857,10036,10036,10013,,6310,,,3,,0,0,0,,,0,0,,,,,,0,,,,,0,0,0,,,0,0,0,,0,,0,3700,0,,0,0,0,0,0,0,,23,0,23,0,0,0,0,0,0,0,0,0,0,0,0,0,0,28,28
01/05/2016,188274,178375,62768,115606,9874,9874,9841,,0,,,1,,0,6230,0,,,0,0,,,,,,0,,,,,0,0,3610,,,0,0,0,,0,,0,0,0,,0,0,0,0,0,0,,33,0,33,0,0,0,0,0,0,0,0,0,0,0,0,0,0,25,25
01/06/2016,183013,166551,50715,115836,16445,16445,16423,,8161,,,2,,0,4643,0,,,0,0,,,,,,3617,,,,,0,0,0,,,0,0,0,,0,,0,0,0,,0,0,0,0,0,0,,22,0,22,0,0,0,,0,0,0,0,0,,0,0,0,0,18,18
01/07/2016,188682,172923,49750,123173,15739,15739,15711,,0,,,8,,0,6074,3132,,,0,0,,,,,,0,,,,,0,3566,0,,,0,0,0,,0,,0,0,0,,0,2930,0,0,0,0,,28,0,28,0,0,0,,0,0,0,0,0,,0,0,0,0,20,20
01/08/2016,214226,187458,55012,132446,26768,26014,25984,,2190,,,11,,3933,9518,0,,,2945,0,,,,,,3701,,,,,0,0,0,,,0,3686,0,,0,,0,0,0,,0,0,0,0,0,0,,30,0,30,754,612,142,,0,0,0,0,0,,0,0,0,0,0,0
01/09/2016,201986,185222,61499,123722,16764,16764,16729,,0,,,14,,0,0,0,,,0,0,,,,,,3639,,,,,0,3362,3458,,,0,3315,0,,0,,0,0,0,,0,0,0,0,2941,0,,35,0,35,0,0,0,,0,0,0,0,0,,0,0,0,0,0,0
01/10/2016,176466,173455,43471,129984,3000,3000,2957,,0,,,15,,0,0,0,,,0,0,,,,,,0,,,,,0,2942,0,,,0,0,0,,0,,0,0,0,,0,0,0,0,0,0,,43,1,42,0,0,0,,0,0,0,0,0,,0,0,0,0,11,11
01/11/2016,227919,194922,74544,120378,32976,32976,32928,,0,,,18,,0,2940,7341,,,0,0,,,,,,3115,,,3328,,0,0,0,,,0,13300,0,,0,,0,0,0,,0,0,0,0,2886,0,,48,0,48,0,0,0,,0,0,0,0,0,,0,0,0,0,22,22
01/12/2016,250836,208993,97178,111815,41825,41825,41784,,0,,,22,,0,0,6747,,,0,3606,,,,,,0,,,,,11137,0,0,,,0,7169,0,,0,,0,0,0,,10166,0,0,0,2936,0,,42,0,42,0,0,0,,0,0,0,0,0,,0,0,0,0,18,18
01/01/2017,269960,218600,98811,119789,51342,51342,51257,,0,0,,22,,0,0,3391,0,,0,0,,,,,,3623,,0,,,10533,5368,0,0,,867,14010,0,,0,0,0,3442,0,,0,10002,0,0,0,0,,85,0,85,0,0,0,,0,0,0,0,0,,0,0,0,0,19,19
01/02/2017,253227,201167,87798,113370,52042,52042,51998,,0,0,,15,,0,2950,10338,0,,0,0,,,,,,3399,,0,,,3705,2945,3378,0,,0,14407,0,,0,0,0,1692,0,,0,1766,0,0,7402,0,,44,0,44,0,0,0,,0,0,0,0,0,,0,0,0,0,18,18
01/03/2017,273345,229765,99914,129851,43553,43553,43489,,0,0,,20,,0,2951,0,0,,2934,0,,,,,,0,,0,,,0,6655,3360,0,,0,10728,0,,3166,0,0,0,0,,7042,0,0,3113,3521,0,,64,3,61,0,0,0,,0,0,0,0,0,,0,0,0,0,27,27
01/04/2017,242424,191732,80532,111200,50669,50669,50599,,10135,0,,15,,0,5894,0,0,,0,0,,,,,,0,,0,,,7398,0,6784,0,,0,13730,0,,0,0,0,0,0,,3295,0,0,0,0,3347,,70,0,70,0,0,0,,0,0,0,0,0,,0,0,0,0,24,24
01/05/2017,248867,188062,63949,124114,60782,60782,60756,,3192,0,,15,,3676,0,3514,0,,0,0,,,,,,0,,0,,,3667,3453,3281,0,,0,10023,3042,,0,0,3440,3625,0,,6818,0,2949,0,0,10062,,26,0,26,0,0,0,,0,0,0,0,0,,0,0,0,0,23,23
01/06/2017,253322,200844,66725,134118,52462,52462,52443,,2949,0,,16,,0,3657,0,0,,0,0,,,,,,3413,,0,3120,,3683,0,0,0,,0,24763,0,,0,0,0,0,0,,7431,0,0,0,0,0,3410,19,0,19,0,0,0,,0,0,0,0,0,,0,0,0,0,16,16
01/07/2017,248801,195201,59760,135441,53592,53592,53548,,0,0,,10,,3642,3256,7218,0,,0,3464,,,,,,0,,0,,,0,0,3410,0,,0,14432,0,,0,0,0,3662,0,,14238,217,0,0,0,0,,44,0,44,0,0,0,,0,0,0,0,0,,0,0,0,0,8,8
01/08/2017,247302,201833,66336,135496,45468,45468,45435,,0,0,,16,,0,0,0,0,,0,3317,,,,,,0,,0,3372,,3614,7393,0,3431,,0,6860,0,,0,0,0,3399,0,,10320,3712,0,0,0,0,,33,0,33,0,0,0,,0,0,0,0,0,,0,0,0,0,1,1
01/09/2017,248916,194183,69631,124553,54733,54733,54679,,0,0,,14,,3364,0,10056,0,,2922,0,,,,,,0,,0,,,0,0,0,3414,,0,10286,0,,0,0,0,0,0,,17514,3666,0,0,3443,0,,53,0,53,0,0,0,,0,0,0,0,0,,0,0,0,0,0,0
01/10/2017,279775,199576,68143,131433,80195,79773,79708,,0,0,,17,,6967,3675,24588,0,,0,0,,,,,,0,,0,,,6725,3373,0,0,,0,6686,0,,0,0,0,0,0,,21577,2980,3121,0,0,0,,65,0,65,422,0,0,,0,0,0,0,422,,0,0,0,0,4,4
01/11/2017,287727,207607,73857,133750,80100,80100,80013,,0,0,,20,,0,0,20871,0,,2835,0,,,,,,7057,,0,,,0,0,0,0,,0,10760,0,,0,0,0,3702,0,,21141,3617,2934,0,7076,0,,87,2,86,0,0,0,,0,0,0,0,0,,0,0,0,0,20,20
01/12/2017,300138,217521,80924,136597,82604,82604,82499,,0,2,,19,,0,3362,23433,0,,0,0,,,,,,3427,,0,,,13893,7135,0,0,,0,3635,0,,0,0,0,0,0,,20810,3370,0,0,3413,0,,105,0,105,0,0,0,,0,0,0,0,0,,0,0,0,0,13,13
01/01/2018,300234,227758,91120,136638,72463,72463,72358,,0,4,,20,0,0,2938,13584,0,,0,6554,,,,0,0,3596,,0,0,0,3615,0,0,0,,0,10431,0,,3368,0,0,3247,0,0,21286,0,0,0,3714,0,,105,0,105,0,0,0,,0,0,0,0,0,,0,0,0,0,13,13
01/02/2018,275652,201968,76340,125628,73684,73684,73613,,0,12,,20,0,0,3249,6750,0,,0,0,,,,0,0,0,,0,0,0,7099,3300,0,0,,0,14777,0,,0,0,0,0,0,0,28322,0,6806,0,3279,0,,71,15,56,0,0,0,,0,0,0,0,0,,0,0,0,0,0,0
01/03/2018,291468,199901,67652,132249,91542,91542,91486,,3333,16,,13,0,3272,6994,10739,0,,1821,0,,,,0,0,10834,,0,0,0,0,3694,0,0,,0,28877,0,,3108,1442,0,0,0,0,11079,0,0,0,0,0,6267,56,0,56,0,0,0,,0,0,0,0,0,,0,0,0,0,24,24
01/04/2018,278941,193227,62641,130586,85684,85684,85680,,5217,8,,8,0,3255,4987,17509,1599,,0,0,,,,0,0,3254,,0,0,0,10967,3293,0,0,,0,11074,3253,,3258,0,0,0,0,0,17996,0,0,0,0,0,,5,1,4,0,0,0,,0,0,0,0,0,,0,0,0,0,29,29
01/05/2018,272116,177289,39689,137600,94797,94797,94791,,5392,11,,13,0,1153,0,10416,0,,1023,0,,,,0,0,7118,,3270,0,0,12782,10572,6496,0,,0,13512,0,,3222,2077,0,0,0,0,17735,0,0,0,0,0,,6,0,6,0,0,0,,0,0,0,0,0,,0,0,0,0,30,30
01/06/2018,261995,188431,50976,137454,73535,73535,73518,,0,14,,10,0,0,5865,2926,1113,,0,0,,,,0,0,6717,,0,0,0,9820,3201,0,0,,0,26591,0,,0,0,0,0,0,0,13994,0,3268,0,0,0,,17,0,17,0,0,0,,0,0,0,0,0,,0,0,0,0,29,29
01/07/2018,305997,207736,56880,150856,98240,98240,98213,,2939,11,,10,0,12540,6525,10644,1521,,0,0,,,,0,0,5918,,0,0,0,13438,0,0,0,,2927,21237,0,,0,0,0,0,0,0,14040,3230,3234,0,0,0,,26,0,26,0,0,0,,0,0,0,0,0,,0,0,0,0,22,22
01/08/2018,311449,219909,65677,154231,91526,91526,91493,,10679,10,,13,0,15425,0,3588,867,,2992,0,,,,0,0,0,,0,0,0,10286,3677,3485,0,,0,20708,0,,0,0,0,2296,0,0,17467,0,0,0,0,0,,33,0,33,0,0,0,,0,0,0,0,0,,0,0,0,0,15,15
01/09/2018,301742,220355,70393,149961,81381,81381,81361,,0,12,,14,0,0,3675,0,0,,0,0,,,,0,0,5910,,0,6468,0,16698,0,0,0,,0,10559,2915,,0,0,0,3670,0,0,24179,0,0,0,0,3638,3624,19,2,17,0,0,0,,0,0,0,0,0,,0,0,0,0,6,6
01/10/2018,306653,216758,64726,152032,89886,89886,89855,,0,12,,14,0,0,0,7269,0,,0,0,,4846,,0,0,7131,,0,4785,0,3017,3666,0,0,,0,7076,3071,,0,0,0,0,0,0,34923,3551,0,0,3281,0,7213,31,0,31,0,0,0,,0,0,0,0,0,,0,0,0,0,9,9
01/11/2018,337789,230180,89784,140396,107585,107585,107470,,0,13,,20,0,0,3676,3451,0,,0,0,,9991,,0,0,0,,0,0,1303,23835,7390,0,0,,0,6794,2949,,0,0,3231,0,0,0,17635,3529,0,0,2956,0,20695,115,0,115,0,0,0,,0,0,0,0,0,,0,0,0,0,24,24
01/12/2018,363806,240989,100101,140888,122795,122795,122673,,0,14,,20,0,0,3276,3598,0,,0,0,,3453,,3722,0,7156,,0,6137,0,13977,0,0,0,,0,10610,0,,0,3268,0,3298,0,3679,33567,0,3423,0,9976,0,13499,121,1,121,0,0,0,,0,0,0,0,0,,0,0,0,0,22,22
01/01/2019,364787,237813,87269,150544,126957,126957,126854,,0,11,0,17,0,0,0,3387,2934,,0,0,,7303,,0,0,7030,,0,10502,0,17495,0,0,0,,0,14310,0,,0,0,9762,10289,0,0,16981,6631,0,0,9829,0,10373,104,0,104,0,0,0,,0,0,0,0,0,,0,0,0,0,16,16
01/02/2019,329954,227074,91561,135514,102866,102866,102817,,0,14,0,14,0,3234,2933,3464,0,,2942,0,,,,3394,0,6989,,0,3454,0,10320,3695,0,0,,0,6681,3390,,3365,3269,0,3720,0,7249,17750,6748,0,0,6483,0,3711,49,1,48,0,0,0,,0,0,0,0,0,,0,0,0,0,15,15
01/03/2019,373539,242696,93182,149514,130814,130814,130741,,0,11,0,14,3390,3283,10005,0,2935,,0,0,,20853,,0,0,7446,,0,6684,2320,7143,0,0,0,,0,7038,10452,,3282,3191,3701,0,0,6631,18013,10678,0,0,0,0,3669,73,0,73,0,0,0,,0,0,0,0,0,,0,0,0,0,29,29
01/04/2019,338213,211083,71333,139750,127102,127102,127016,,4369,14,0,17,0,1201,9429,0,0,,0,0,,17092,,0,2,6742,,0,0,0,14231,3622,0,0,,413,10406,13010,,0,0,3414,3489,0,320,13000,10139,6349,0,2969,6787,,87,0,87,0,0,0,,0,0,0,0,0,,0,0,0,0,28,28
01/05/2019,368568,223633,70182,153452,144913,144913,144837,,8737,14,0,21,0,4905,6188,0,0,,0,0,,6621,,3497,0,13942,,0,6560,2890,7149,7332,3502,0,,0,20244,10734,,0,0,0,0,0,3397,18069,14325,3309,3401,0,0,,75,0,75,0,0,0,,0,0,0,0,0,,0,0,0,0,22,22
01/06/2019,360226,218249,61809,156440,141956,141956,141864,,13120,25,0,13,0,9116,19012,0,0,,1108,0,,,,0,3,3215,,0,3072,0,14582,7342,0,0,,0,16955,3310,,0,3282,0,6908,0,3435,20402,13506,0,0,0,3459,,92,0,92,0,0,0,,0,0,0,0,0,,0,0,0,0,20,20
01/07/2019,393400,236515,68613,167902,156865,156865,156764,,13066,11,0,17,0,6949,9382,0,0,,0,0,,,,0,2,3485,,0,9963,837,21242,3449,3405,0,,0,24209,3386,,3656,0,3694,6994,0,3570,32663,3297,0,0,0,3487,,101,0,101,0,0,0,,0,0,0,0,0,,0,0,0,0,20,20
01/08/2019,384983,246391,78302,168089,138578,138578,138465,,0,20,0,17,0,12868,6297,0,649,,0,0,,3249,,0,3,7294,,0,6082,2946,17506,3277,3401,0,,0,13681,6688,,0,0,3537,6051,0,0,16995,15861,7207,0,0,3502,1335,113,0,113,0,0,0,,0,0,0,0,0,,0,0,0,0,15,15
01/09/2019,394511,234222,71573,162649,160274,160274,160169,,0,2,0,17,3404,6117,9811,0,0,,2857,0,,6740,,0,9,14355,,0,3230,0,28084,3616,0,0,,0,10442,3431,,6512,0,0,2924,0,0,10818,37938,0,3234,0,3325,3303,105,9,95,0,0,0,,0,0,0,0,0,,0,0,0,0,15,15
01/10/2019,425775,247781,76246,171535,177966,177966,177813,,0,8,0,25,3402,3345,6608,0,0,,2927,0,,14228,,0,4,6961,,0,0,0,24504,0,0,0,,0,6437,3456,,3472,0,3489,6621,0,3463,42233,13704,3138,0,3528,0,26260,153,14,139,0,0,0,,0,0,0,0,0,,0,0,0,0,28,28
01/11/2019,441944,251305,92671,158633,190610,190609,190523,,0,14,0,20,3293,3279,3484,0,0,,0,0,,26946,,0,8,6933,,0,6345,2464,17603,0,0,0,3698,0,3273,10099,,3247,478,3432,0,0,0,24962,19985,3736,0,7266,0,39957,86,0,86,0,0,0,,0,0,0,0,0,,0,0,0,0,30,30
01/12/2019,481757,261086,109779,151308,220646,220498,220405,,0,11,3419,20,10407,0,7207,0,0,,501,0,,14758,,7752,12,7090,,0,12764,2435,21226,0,0,3455,,0,9696,13405,,3253,0,7013,6345,0,3375,38139,13874,3658,0,536,0,30054,93,0,93,0,0,0,,0,0,0,0,0,,0,0,0,0,25,25
01/01/2020,510444,260106,99231,160875,250305,249695,249571,,0,15,3640,33,6761,8438,6087,0,525,0,0,0,,6563,,11276,7,3309,,0,6308,869,31975,0,0,0,,2600,6764,6681,,3323,0,3282,0,0,0,44320,24412,9317,0,32637,0,30428,124,2,122,610,0,0,,0,0,0,305,0,,305,0,0,0,33,33
01/02/2020,454245,228425,77354,151071,225786,225786,225699,,0,13,0,26,9872,10433,10731,0,1003,0,0,0,,20520,,0,11,0,,0,16616,2914,21360,0,0,0,,48,3167,14099,,3567,3408,6677,6187,0,0,11071,20240,7115,3435,24303,0,28884,87,0,87,0,0,0,,0,0,0,0,0,,0,0,0,0,34,34
01/03/2020,497437,253130,86579,166550,244269,244269,244145,,0,20,0,28,3724,6891,3216,17699,0,0,2872,0,,23491,,8892,9,17245,,3197,9895,1,21845,0,0,0,,0,7037,13772,,0,906,3583,0,0,10610,28095,23657,6987,3783,6489,0,20202,123,0,123,0,0,0,,0,0,0,0,0,,0,0,0,0,38,38
01/04/2020,420767,210266,71722,138544,210466,210466,210443,,0,23,0,15,3324,0,14098,21140,0,0,1838,0,,16336,,3233,8,16674,,0,3135,5770,18387,0,3297,2945,,0,0,10305,,3334,0,3523,10777,0,0,24258,22943,0,11049,14030,0,,23,0,23,0,0,0,,0,0,0,0,0,,0,0,0,0,35,35
01/05/2020,395472,212994,67752,145242,182438,182438,182420,,8372,20,3406,20,1348,0,11068,14535,0,0,2554,0,,9546,,3430,10,10534,,0,6452,0,13729,3294,0,3473,,0,0,6826,,0,3070,6258,0,0,0,20921,29360,6662,7397,6661,3474,,18,0,18,0,0,0,,0,0,0,0,0,,0,0,0,0,39,39
01/06/2020,338486,229442,66516,162927,109002,109002,108941,,2229,18,0,20,0,0,3313,0,0,0,0,0,,,,1076,7,10100,,3277,12998,0,21836,0,0,3049,,0,0,6870,,0,0,3385,0,0,0,28171,9640,2953,0,0,0,,61,0,61,0,0,0,,0,0,0,0,0,,0,0,0,0,43,43
01/07/2020,349167,252930,71778,181152,96200,96200,96128,,2218,15,3614,15,0,0,1515,10358,0,0,0,0,,,,6544,8,7404,,3317,3232,0,10618,0,0,0,,0,0,6746,,0,0,0,0,0,3690,10492,13679,0,3254,3222,3277,2908,72,0,72,0,0,0,,0,0,0,0,0,,0,0,0,0,37,37
01/08/2020,360230,247748,61881,185867,112462,110298,110220,,2249,21,0,14,0,3520,7428,13699,550,0,2772,0,,,,0,11,10319,,3001,6734,0,22541,0,6886,0,,0,3701,0,,3412,0,0,0,0,2967,13814,3222,0,0,0,3359,,78,0,78,2164,2164,0,,0,0,0,0,0,,0,0,0,0,20,20
01/09/2020,395424,244279,62211,182068,151128,151128,151055,,0,20,0,14,0,0,3277,11245,2548,0,0,0,,,,7027,8,10514,,3041,0,2610,6855,3578,3508,3308,,0,3285,6671,,9853,3228,0,6853,0,0,32126,15206,9007,0,3611,0,3664,73,0,73,0,0,0,,0,0,0,0,0,,0,0,0,0,17,17
01/10/2020,481621,258632,72833,185799,222963,222717,222650,,0,25,0,17,3285,22427,6836,35115,0,0,5909,0,,6639,,0,9,17762,,0,0,2514,31554,0,3603,6191,,0,7398,3603,,10009,433,3157,3564,0,3416,14239,14118,3636,0,0,0,17191,68,0,68,245,0,82,,0,0,0,82,0,,82,0,0,0,26,26
01/11/2020,528210,247493,81358,166135,280682,280682,280630,,0,31,0,15,3633,30191,3252,45083,0,0,5106,0,,3390,,3543,11,10299,,0,3083,0,32967,0,0,3621,,0,3056,6684,,3436,1448,0,5830,0,7658,49103,9907,6216,3705,12817,0,26544,52,0,52,0,0,0,,0,0,0,0,0,,0,0,0,0,35,35
01/12/2020,553176,248884,84307,164577,304263,304263,304209,,0,36,0,25,0,29927,9793,45525,0,3275,5000,0,,3752,,3382,17,10241,,0,0,2374,54004,0,0,6291,,0,0,3316,,0,271,7033,3711,0,0,39617,13583,12470,0,20188,0,30378,53,8,46,0,0,0,,0,0,0,0,0,,0,0,0,0,29,29
01/01/2021,563515,258287,84927,173360,305196,305196,305113,0,0,28,3148,17,0,21132,9784,38940,0,0,6895,0,,3587,,600,12,20367,,0,0,3708,64331,0,0,0,,0,0,2949,0,3682,516,0,0,0,3688,55936,7377,10319,0,26659,0,21436,83,0,83,0,0,0,,0,0,0,0,0,,0,0,0,0,32,32
01/02/2021,424004,215579,78198,137381,208394,208394,208331,0,0,29,0,19,0,13118,6524,3415,0,0,5689,0,,14851,,0,11,13776,,0,0,2365,18271,0,0,6851,,0,13354,22777,0,0,0,7099,3360,0,0,18094,3733,0,0,20652,0,34343,63,0,63,0,0,0,,0,0,0,0,0,,0,0,0,0,32,32
01/03/2021,595411,274352,91301,183051,321023,321023,321004,0,2238,39,3566,14,3484,21977,21320,28476,0,7367,5577,0,,33678,,6805,10,17381,,2826,10739,2458,27673,0,3821,3228,,0,0,24204,0,3421,3279,3507,0,0,3303,32203,13900,13450,0,3619,0,17440,19,0,19,0,0,0,,0,0,0,0,0,,0,0,0,0,36,36
01/04/2021,564333,257485,74567,182918,306818,306818,306755,0,4485,46,10219,30,0,11615,10293,50474,892,3666,2905,0,,36120,,0,3,13752,,3225,6896,2370,28756,0,3705,3078,,2928,0,17060,0,3323,0,7382,7358,0,3660,21683,22974,6594,7388,0,0,13877,63,15,48,0,0,0,,0,0,0,0,0,,0,0,0,0,29,29
01/05/2021,578056,263110,70561,192549,314922,314922,314855,0,16226,45,6948,19,2100,19726,17598,37731,0,3364,5283,0,,11926,,6796,12,28259,,0,2923,2925,25058,0,0,3049,,0,0,26611,0,0,2341,3581,10765,0,3089,46033,5234,10157,3453,3017,0,10586,66,18,48,0,0,0,,0,0,0,0,0,,0,0,0,0,25,25
01/06/2021,539165,267770,69528,198242,271368,271368,271256,0,19312,48,3493,22,0,32293,0,42319,0,2923,4670,0,,3683,,0,18,16503,,0,3425,2927,39783,0,7126,3285,,0,0,3030,0,3376,0,10635,5538,0,0,55918,7833,3097,0,0,0,,112,7,105,0,0,0,,0,0,0,0,0,,0,0,0,0,27,27
01/07/2021,566046,265887,68264,197623,300143,300143,300030,0,22798,46,0,31,0,39637,19913,42222,0,3299,1806,0,,0,,6651,8,13090,,0,6826,0,24895,0,0,6469,,0,758,10597,1,13428,0,6619,3296,0,3449,39314,8630,20653,0,5591,0,,113,16,97,0,0,0,,0,0,0,0,0,,0,0,0,0,16,16
01/08/2021,563572,265296,71586,193710,298262,298262,298097,0,14363,56,7085,27,0,34204,16262,51662,919,2980,5901,0,,7111,,3607,24,20592,,0,3401,2907,19979,0,3298,1677,,0,0,7347,0,3319,1390,0,6382,0,0,50101,23068,6728,3707,0,0,,165,18,147,0,0,0,,0,0,0,0,0,,0,0,0,0,14,14
01/09/2021,535583,250769,72023,178746,284813,284813,284645,3,1950,43,3276,33,0,38282,7929,48584,436,0,0,0,,6578,,799,10,23941,1118,2855,0,2931,10290,0,10333,3282,,2498,0,10424,0,9642,0,0,3696,0,0,31375,31274,5789,0,24176,0,3099,168,19,150,0,0,0,,0,0,0,0,0,,0,0,0,0,0,0
01/10/2021,545055,246936,62464,184472,298119,298119,297929,0,0,36,0,25,0,40769,6364,42202,0,0,5619,0,,9333,,1515,17,10548,477,0,0,1858,37666,0,6193,0,,0,1088,17157,0,3138,911,3270,10459,0,0,33836,35638,7123,0,19385,0,3302,190,8,182,0,0,0,,0,0,0,0,0,,0,0,0,0,0,0
01/11/2021,556982,250585,85136,165449,306397,306397,306229,2,0,34,0,27,0,10715,2956,50228,0,9416,2780,0,,10021,,7629,8,14807,456,0,0,715,33947,0,0,0,,0,0,8829,0,2490,0,7068,5380,0,3728,30787,22821,3404,0,47330,0,30648,168,8,160,0,0,0,,0,0,0,0,0,,0,0,0,0,0,0
01/12/2021,620886,275524,108568,166956,345363,345363,345195,3,2077,36,0,34,0,24246,2938,17050,0,3117,5969,0,,33892,,5305,4,3203,1218,0,0,113,24297,0,0,0,,0,0,23354,0,0,0,7159,9630,0,0,38201,32579,12034,0,38420,0,60315,168,20,148,0,0,0,,0,0,0,0,0,,0,0,0,0,0,0
01/01/2022,610836,257045,81577,175467,353791,353791,353631,2,0,34,0,28,13786,17322,3162,0,486,9084,6647,0,0,50084,0,1802,20,6866,,0,7037,86,21527,0,0,3518,0,0,0,16279,0,0,3255,3695,2868,0,0,21824,49379,6211,3490,45081,0,60060,160,13,148,0,0,0,,0,0,0,0,0,,0,0,0,0,0,0
01/02/2022,546428,229662,74630,155032,316766,316766,316605,0,0,31,5896,31,7691,10660,0,3357,0,5870,0,0,0,39646,0,8094,16,7210,717,0,13629,111,10214,0,5277,3131,0,2345,0,31591,0,0,3069,7475,3703,0,0,27489,39359,6115,4880,43697,0,25301,161,4,157,0,0,0,,0,0,0,0,0,,0,0,0,0,0,0
01/03/2022,639074,274958,105074,169885,364116,364116,363971,2,0,43,3421,34,17743,2236,3214,7527,0,3358,6530,0,0,64415,0,4116,10,10438,,0,7088,92,17697,0,0,5700,0,0,0,24922,0,0,0,3831,10728,0,6725,19289,59224,12161,0,16629,0,56799,144,0,144,0,0,0,,0,0,0,0,0,,0,0,0,0,0,0
01/04/2022,587378,256916,80475,176440,330463,330463,330326,3,9933,34,0,0,7341,3448,3530,10217,0,6763,3645,0,0,56343,0,1336,11,14223,,0,15519,135,13231,0,7298,13770,0,0,0,28395,0,3074,1536,13882,6632,0,0,13813,40259,9541,0,6637,0,39775,136,15,122,0,0,0,,0,0,0,0,0,,0,0,0,0,0,0
01/05/2022,616627,265179,79214,185965,351448,351448,351325,2,20111,42,3346,0,3441,15303,9943,0,0,8543,4964,0,0,47150,0,12650,9,7152,,0,21696,144,24024,0,14204,11237,0,0,0,28902,0,0,1192,18224,3888,0,0,17538,40337,15975,3419,7281,0,10608,123,8,115,0,0,0,,0,0,0,0,0,,0,0,0,0,0,0
01/06/2022,552464,251805,70105,181700,300659,300659,300546,3,25246,47,0,0,7023,3857,0,7329,912,7925,5838,0,0,37564,0,9633,13,10653,,0,7137,48,21561,0,8105,6729,0,0,3292,34420,0,0,623,14282,5582,0,3352,25054,29639,6892,6920,7542,0,3326,113,8,105,0,0,0,,0,0,0,0,0,,0,0,0,0,0,0
01/07/2022,558367,257951,69774,188178,300415,300415,300339,2,9448,45,0,0,0,5192,6917,784,0,4600,6532,0,0,53443,0,12922,8,13902,,0,9914,121,18189,0,5382,7947,0,0,0,32637,0,0,0,17780,6412,0,6275,34342,34396,9353,0,0,0,3797,76,0,76,0,0,0,,0,0,0,0,0,,0,0,0,0,1,1
01/08/2022,556559,256344,75220,181124,300215,300215,300112,2,2202,53,0,0,3589,10542,0,10272,606,7824,3357,0,0,33885,0,10763,11,10265,967,0,15462,110,20156,0,6415,7579,0,0,0,50020,0,0,0,6885,3202,0,0,36033,26140,8901,3607,0,0,21263,103,0,103,0,0,0,,0,0,0,0,0,,0,0,0,0,0,0
01/09/2022,526465,231086,61926,169159,295379,295379,295285,3,0,43,0,0,9165,0,3365,10275,0,9073,3196,0,0,57943,0,0,8,10528,509,0,8355,240,7005,0,7038,3541,0,0,0,30924,0,0,0,16917,5806,0,0,19736,21263,9753,3673,5458,0,51467,94,0,94,0,0,0,,0,0,0,0,0,,0,0,0,0,0,0
01/10/2022,554328,244505,72738,171766,309823,309823,309629,2,0,40,0,0,7190,3439,0,22598,3699,2922,3469,0,0,41959,0,4424,0,7005,625,0,0,144,10684,0,3299,7072,0,0,0,39703,0,0,0,7095,7005,0,6628,38844,26369,9041,0,10333,0,46040,194,19,175,0,0,0,,0,0,0,0,0,,0,0,0,0,1,1
01/11/2022,553774,251165,90179,160986,302608,302608,302455,2,0,35,0,1,0,0,0,17308,0,5122,0,0,0,50655,1,421,0,10138,505,0,3205,137,24396,0,0,3708,0,2928,0,20645,0,0,3833,3453,3732,0,0,14069,26445,3592,0,31430,0,76693,153,0,153,0,0,0,,0,0,0,0,0,,0,0,0,0,0,0
01/12/2022,597316,257355,98718,158638,339960,339960,339792,1,0,42,0,0,3274,0,0,6992,0,6204,6644,0,329,38311,7112,2869,9,14139,3256,0,6992,147,20535,0,0,3281,0,0,539,39893,0,0,249,13885,10025,0,0,24700,33847,9203,0,17979,0,69332,169,8,160,,0,0,,0,0,0,0,0,,0,0,0,0,0,0
01/01/2023,603639,266483,104399,162085,337155,337155,337022,4,0,42,3369,0,3640,0,3307,17896,0,2913,3643,0,0,34124,14314,3207,8,6956,805,0,10082,107,17696,0,0,6713,0,2592,3219,36453,0,0,2718,11538,6816,0,0,24507,13987,3471,3738,36126,0,63032,133,0,133,,0,0,,0,0,0,0,0,,0,0,0,0,0,0
